Contest Title,Contest Long Name,Party,District Type,Vote For,Term Number,Notes
Judge of the Superior Court,DEM Judge of the Superior Court,Democratic,ElectionWide,1,10,
Judge of the Superior Court,REP Judge of the Superior Court,Republican,ElectionWide,1,10,
Judge of the Commonwealth Court,DEM Judge of the Commonwealth Court,Democratic,ElectionWide,1,10,
Judge of the Commonwealth Court,REP Judge of the Commonwealth Court,Republican,ElectionWide,1,10,
Judge of the Court of Common Pleas,DEM Judge of the Court of Common Pleas,Democratic,ElectionWide,2,10,
Judge of the Court of Common Pleas,REP Judge of the Court of Common Pleas,Republican,ElectionWide,2,10,
Treasurer,DEM Treasurer,Democratic,ElectionWide,1,4,
Treasurer,REP Treasurer,Republican,ElectionWide,1,4,
Controller,DEM Controller,Democratic,ElectionWide,1,4,
Controller,REP Controller,Republican,ElectionWide,1,4,
Clerk of Courts,DEM Clerk of Courts,Democratic,ElectionWide,1,4,
Clerk of Courts,REP Clerk of Courts,Republican,ElectionWide,1,4,
Coroner,DEM Coroner,Democratic,ElectionWide,1,4,
Coroner,REP Coroner,Republican,ElectionWide,1,4,
Magisterial District Judge,DEM Magisterial District Judge District 15-2-01,Democratic,Magisterial District Judge,1,6,
Magisterial District Judge,REP Magisterial District Judge District 15-2-01,Republican,Magisterial District Judge,1,6,
Magisterial District Judge,DEM Magisterial District Judge District 15-2-03,Democratic,Magisterial District Judge,1,6,
Magisterial District Judge,REP Magisterial District Judge District 15-2-03,Republican,Magisterial District Judge,1,6,
Magisterial District Judge,DEM Magisterial District Judge District 15-3-07,Democratic,Magisterial District Judge,1,6,
Magisterial District Judge,REP Magisterial District Judge District 15-3-07,Republican,Magisterial District Judge,1,6,
School Director At Large,DEM School Director At Large Owen J Roberts,Democratic,School Director,4,4,
School Director At Large,REP School Director At Large Owen J Roberts,Republican,School Director,4,4,
School Director At Large,DEM School Director At Large Phoenixville,Democratic,School Director,4,4,
School Director At Large,REP School Director At Large Phoenixville,Republican,School Director,4,4,
School Director At Large,DEM School Director At Large Oxford Area,Democratic,School Director At Large,1,4,
School Director At Large,REP School Director At Large Oxford Area,Republican,School Director At Large,1,4,
School Director,DEM School Director Avon Grove Region 1,Democratic,School Director,2,4,
School Director,REP School Director Avon Grove Region 1,Republican,School Director,2,4,
School Director,DEM School Director Coatesville Region 3,Democratic,School Director,2,4,
School Director,REP School Director Coatesville Region 3,Republican,School Director,2,4,
School Director,DEM School Director Great Valley Region 1,Democratic,School Director,2,4,
School Director,REP School Director Great Valley Region 1,Republican,School Director,2,4,
School Director,DEM School Director Kennett Consolidated Region C,Democratic,School Director,2,4,
School Director,REP School Director Kennett Consolidated Region C,Republican,School Director,2,4,
School Director,DEM School Director Octorara Region 2,Democratic,School Director,2,4,
School Director,REP School Director Octorara Region 2,Republican,School Director,2,4,
School Director,DEM School Director Octorara Region 3,Democratic,School Director,2,4,
School Director,REP School Director Octorara Region 3,Republican,School Director,2,4,
School Director,DEM School Director Spring Ford Region 3,Democratic,School Director,2,4,*Candidates file in Montgomery County.
School Director,REP School Director Spring Ford Region 3,Republican,School Director,2,4,*Candidates file in Montgomery County.
School Director,DEM School Director Tredyffrin Easttown Region 3,Democratic,School Director,2,4,
School Director,REP School Director Tredyffrin Easttown Region 3,Republican,School Director,2,4,
School Director,DEM School Director Twin Valley Region 2,Democratic,School Director,2,4,*Candidates file in Berks County.
School Director,REP School Director Twin Valley Region 2,Republican,School Director,2,4,*Candidates file in Berks County.
School Director,DEM School Director Unionville Chadds Ford Region A,Democratic,School Director,2,4,
School Director,REP School Director Unionville Chadds Ford Region A,Republican,School Director,2,4,
School Director,DEM School Director Unionville Chadds Ford Region B,Democratic,School Director,2,4,
School Director,REP School Director Unionville Chadds Ford Region B,Republican,School Director,2,4,
School Director,DEM School Director West Chester Region 3,Democratic,School Director,2,4,
School Director,REP School Director West Chester Region 3,Republican,School Director,2,4,
School Director,DEM School Director Avon Grove Region 2,Democratic,School Director,1,4,
"CHESTER COUNTY, PENNSYLVANIA
UNOFFICIAL LIST OF OFFICES
MAY 20, 2025 Municipal Primary",,,,,,
Contest Title,Contest Long Name,Party,District Type,Vote For,Term Number,Notes
School Director,REP School Director Avon Grove Region 2,Republican,School Director,1,4,
School Director,DEM School Director Avon Grove Region 3,Democratic,School Director,1,4,
School Director,REP School Director Avon Grove Region 3,Republican,School Director,1,4,
School Director,DEM School Director Coatesville Region 1,Democratic,School Director,1,4,
School Director,REP School Director Coatesville Region 1,Republican,School Director,1,4,
School Director,DEM School Director Coatesville Region 2,Democratic,School Director,1,4,
School Director,REP School Director Coatesville Region 2,Republican,School Director,1,4,
School Director,DEM School Director Downingtown Region 2,Democratic,School Director,1,4,
School Director,REP School Director Downingtown Region 2,Republican,School Director,1,4,
School Director,DEM School Director Downingtown Region 4,Democratic,School Director,1,4,
School Director,REP School Director Downingtown Region 4,Republican,School Director,1,4,
School Director,DEM School Director Downingtown Region 6,Democratic,School Director,1,4,
School Director,REP School Director Downingtown Region 6,Republican,School Director,1,4,
School Director,DEM School Director Downingtown Region 8,Democratic,School Director,1,4,
School Director,REP School Director Downingtown Region 8,Republican,School Director,1,4,
School Director,DEM School Director Great Valley Region 2,Democratic,School Director,1,4,
School Director,REP School Director Great Valley Region 2,Republican,School Director,1,4,
School Director,DEM School Director Great Valley Region 3,Democratic,School Director,1,4,
School Director,REP School Director Great Valley Region 3,Republican,School Director,1,4,
School Director,DEM School Director Kennett Consolidated Region A,Democratic,School Director,1,4,
School Director,REP School Director Kennett Consolidated Region A,Republican,School Director,1,4,
School Director,DEM School Director Kennett Consolidated Region B,Democratic,School Director,1,4,
School Director,REP School Director Kennett Consolidated Region B,Republican,School Director,1,4,
School Director,DEM School Director Oxford Region 1,Democratic,School Director,1,4,
School Director,REP School Director Oxford Region 1,Republican,School Director,1,4,
School Director,DEM School Director Oxford Region 2,Democratic,School Director,1,4,
School Director,REP School Director Oxford Region 2,Republican,School Director,1,4,
School Director,DEM School Director Oxford Region 3,Democratic,School Director,1,4,
School Director,REP School Director Oxford Region 3,Republican,School Director,1,4,
School Director,DEM School Director Tredyffrin Easttown Region 1,Democratic,School Director,1,4,
School Director,REP School Director Tredyffrin Easttown Region 1,Republican,School Director,1,4,
School Director,DEM School Director Tredyffrin Easttown Region 2,Democratic,School Director,1,4,
School Director,REP School Director Tredyffrin Easttown Region 2,Republican,School Director,1,4,
School Director,DEM School Director Twin Valley Region 3,Democratic,School Director,1,4,
School Director,REP School Director Twin Valley Region 3,Republican,School Director,1,4,
School Director,DEM School Director West Chester Region 1,Democratic,School Director,1,4,
School Director,REP School Director West Chester Region 1,Republican,School Director,1,4,
School Director,DEM School Director West Chester Region 2,Democratic,School Director,1,4,
School Director,REP School Director West Chester Region 2,Republican,School Director,1,4,
School Director Unexpired 2 Year Term,DEM School Director Unexpired 2 Year Term Coatesville Region 2,Democratic,School Director,1,2,
School Director Unexpired 2 Year Term,REP School Director Unexpired 2 Year Term Coatesville Region 2,Republican,School Director,1,2,
School Director Unexpired 2 Year Term,DEM School Director Unexpired 2 Year Term Octorara Region 1,Democratic,School Director,1,2,
School Director Unexpired 2 Year Term,REP School Director Unexpired 2 Year Term Octorara Region 1,Republican,School Director,1,2,
School Director Unexpired 2 Year Term,DEM School Director Unexpired 2 Year Term Oxford Region 2,Democratic,School Director,1,2,
School Director Unexpired 2 Year Term,REP School Director Unexpired 2 Year Term Oxford Region 2,Republican,School Director,1,2,
Auditor,DEM Auditor Schuylkill Township,Democratic,Municipal,2,6,
Auditor,REP Auditor Schuylkill Township,Republican,Municipal,2,6,
Auditor,DEM Auditor Birmingham Township,Democratic,Municipal,1,6,
Auditor,REP Auditor Birmingham Township,Republican,Municipal,1,6,
Auditor,DEM Auditor E Bradford Township,Democratic,Municipal,1,6,
Auditor,REP Auditor E Bradford Township,Republican,Municipal,1,6,
"CHESTER COUNTY, PENNSYLVANIA
UNOFFICIAL LIST OF OFFICES
MAY 20, 2025 Municipal Primary",,,,,,
Contest Title,Contest Long Name,Party,District Type,Vote For,Term Number,Notes
Auditor,DEM Auditor W Bradford Township,Democratic,Municipal,1,6,
Auditor,REP Auditor W Bradford Township,Republican,Municipal,1,6,
Auditor,DEM Auditor E Brandywine Township,Democratic,Municipal,1,6,
Auditor,REP Auditor E Brandywine Township,Republican,Municipal,1,6,
Auditor,DEM Auditor W Brandywine Township,Democratic,Municipal,1,6,
Auditor,REP Auditor W Brandywine Township,Republican,Municipal,1,6,
Auditor,DEM Auditor East Caln Township,Democratic,Municipal,1,6,
Auditor,REP Auditor East Caln Township,Republican,Municipal,1,6,
Auditor,DEM Auditor West Caln Township,Democratic,Municipal,1,6,
Auditor,REP Auditor West Caln Township,Republican,Municipal,1,6,
Auditor,DEM Auditor Charlestown Township,Democratic,Municipal,1,6,
Auditor,REP Auditor Charlestown Township,Republican,Municipal,1,6,
Auditor,DEM Auditor N Coventry Township,Democratic,Municipal,1,6,
Auditor,REP Auditor N Coventry Township,Republican,Municipal,1,6,
Auditor,DEM Auditor S Coventry Township,Democratic,Municipal,1,6,
Auditor,REP Auditor S Coventry Township,Republican,Municipal,1,6,
Auditor,DEM Auditor Easttown Township,Democratic,Municipal,1,6,
Auditor,REP Auditor Easttown Township,Republican,Municipal,1,6,
Auditor,DEM Auditor Elk Township,Democratic,Municipal,1,6,
Auditor,REP Auditor Elk Township,Republican,Municipal,1,6,
Auditor,DEM Auditor E Fallowfield Township,Democratic,Municipal,1,6,
Auditor,REP Auditor E Fallowfield Township,Republican,Municipal,1,6,
Auditor,DEM Auditor W Fallowfield Township,Democratic,Municipal,1,6,
Auditor,REP Auditor W Fallowfield Township,Republican,Municipal,1,6,
Auditor,DEM Auditor Franklin Township,Democratic,Municipal,1,6,
Auditor,REP Auditor Franklin Township,Republican,Municipal,1,6,
Auditor,DEM Auditor E Goshen Township,Democratic,Municipal,1,6,
Auditor,REP Auditor E Goshen Township,Republican,Municipal,1,6,
Auditor,DEM Auditor W Goshen Township,Democratic,Municipal,1,6,
Auditor,REP Auditor W Goshen Township,Republican,Municipal,1,6,
Auditor,DEM Auditor Highland Township,Democratic,Municipal,1,6,
Auditor,REP Auditor Highland Township,Republican,Municipal,1,6,
Auditor,DEM Auditor Honey Brook Township,Democratic,Municipal,1,6,
Auditor,REP Auditor Honey Brook Township,Republican,Municipal,1,6,
Auditor,DEM Auditor Kennett Township,Democratic,Municipal,1,6,
Auditor,REP Auditor Kennett Township,Republican,Municipal,1,6,
Auditor,DEM Auditor London Britain Township,Democratic,Municipal,1,6,
Auditor,REP Auditor London Britain Township,Republican,Municipal,1,6,
Auditor,DEM Auditor Londonderry Township,Democratic,Municipal,1,6,
Auditor,REP Auditor Londonderry Township,Republican,Municipal,1,6,
Auditor,DEM Auditor London Grove Township,Democratic,Municipal,1,6,
Auditor,REP Auditor London Grove Township,Republican,Municipal,1,6,
Auditor,DEM Auditor E Marlborough Township,Democratic,Municipal,1,6,
Auditor,REP Auditor E Marlborough Township,Republican,Municipal,1,6,
Auditor,DEM Auditor W Marlborough Township,Democratic,Municipal,1,6,
Auditor,REP Auditor W Marlborough Township,Republican,Municipal,1,6,
Auditor,DEM Auditor E Nantmeal Township,Democratic,Municipal,1,6,
Auditor,REP Auditor E Nantmeal Township,Republican,Municipal,1,6,
Auditor,DEM Auditor W Nantmeal Township,Democratic,Municipal,1,6,
Auditor,REP Auditor W Nantmeal Township,Republican,Municipal,1,6,
Auditor,DEM Auditor New Garden Township,Democratic,Municipal,1,6,
"CHESTER COUNTY, PENNSYLVANIA
UNOFFICIAL LIST OF OFFICES
MAY 20, 2025 Municipal Primary",,,,,,
Contest Title,Contest Long Name,Party,District Type,Vote For,Term Number,Notes
Auditor,REP Auditor New Garden Township,Republican,Municipal,1,6,
Auditor,DEM Auditor Newlin Township,Democratic,Municipal,1,6,
Auditor,REP Auditor Newlin Township,Republican,Municipal,1,6,
Auditor,DEM Auditor E Nottingham Township,Democratic,Municipal,1,6,
Auditor,REP Auditor E Nottingham Township,Republican,Municipal,1,6,
Auditor,DEM Auditor W Nottingham Township,Democratic,Municipal,1,6,
Auditor,REP Auditor W Nottingham Township,Republican,Municipal,1,6,
Auditor,DEM Auditor Lower Oxford Township,Democratic,Municipal,1,6,
Auditor,REP Auditor Lower Oxford Township,Republican,Municipal,1,6,
Auditor,DEM Auditor Upper Oxford Township,Democratic,Municipal,1,6,
Auditor,REP Auditor Upper Oxford Township,Republican,Municipal,1,6,
Auditor,DEM Auditor Penn Township,Democratic,Municipal,1,6,
Auditor,REP Auditor Penn Township,Republican,Municipal,1,6,
Auditor,DEM Auditor Pennsbury Township,Democratic,Municipal,1,6,
Auditor,REP Auditor Pennsbury Township,Republican,Municipal,1,6,
Auditor,DEM Auditor E Pikeland Township,Democratic,Municipal,1,6,
Auditor,REP Auditor E Pikeland Township,Republican,Municipal,1,6,
Auditor,DEM Auditor W Pikeland Township,Democratic,Municipal,1,6,
Auditor,REP Auditor W Pikeland Township,Republican,Municipal,1,6,
Auditor,DEM Auditor Pocopson Township,Democratic,Municipal,1,6,
Auditor,REP Auditor Pocopson Township,Republican,Municipal,1,6,
Auditor,DEM Auditor Sadsbury Township,Democratic,Municipal,1,6,
Auditor,REP Auditor Sadsbury Township,Republican,Municipal,1,6,
Auditor,DEM Auditor W Sadsbury Township,Democratic,Municipal,1,6,
Auditor,REP Auditor W Sadsbury Township,Republican,Municipal,1,6,
Auditor,DEM Auditor Spring City Borough,Democratic,Municipal,1,6,
Auditor,REP Auditor Spring City Borough,Republican,Municipal,1,6,
Auditor,DEM Auditor Thornbury Township,Democratic,Municipal,1,6,
Auditor,REP Auditor Thornbury Township,Republican,Municipal,1,6,
Auditor,DEM Auditor Uwchlan Township,Democratic,Municipal,1,6,
Auditor,REP Auditor Uwchlan Township,Republican,Municipal,1,6,
Auditor,DEM Auditor Upper Uwchlan Township,Democratic,Municipal,1,6,
Auditor,REP Auditor Upper Uwchlan Township,Republican,Municipal,1,6,
Auditor,DEM Auditor Valley Township,Democratic,Municipal,1,6,
Auditor,REP Auditor Valley Township,Republican,Municipal,1,6,
Auditor,DEM Auditor E Vincent Township,Democratic,Municipal,1,6,
Auditor,REP Auditor E Vincent Township,Republican,Municipal,1,6,
Auditor,DEM Auditor W Vincent Township,Democratic,Municipal,1,6,
Auditor,REP Auditor W Vincent Township,Republican,Municipal,1,6,
Auditor,DEM Auditor Wallace Township,Democratic,Municipal,1,6,
Auditor,REP Auditor Wallace Township,Republican,Municipal,1,6,
Auditor,DEM Auditor Warwick Township,Democratic,Municipal,1,6,
Auditor,REP Auditor Warwick Township,Republican,Municipal,1,6,
Auditor,DEM Auditor Westtown Township,Democratic,Municipal,1,6,
Auditor,REP Auditor Westtown Township,Republican,Municipal,1,6,
Auditor,DEM Auditor E Whiteland Township,Democratic,Municipal,1,6,
Auditor,REP Auditor E Whiteland Township,Republican,Municipal,1,6,
Auditor,DEM Auditor W Whiteland Township,Democratic,Municipal,1,6,
Auditor,REP Auditor W Whiteland Township,Republican,Municipal,1,6,
Auditor,DEM Auditor Willistown Township,Democratic,Municipal,1,6,
Auditor,REP Auditor Willistown Township,Republican,Municipal,1,6,
"CHESTER COUNTY, PENNSYLVANIA
UNOFFICIAL LIST OF OFFICES
MAY 20, 2025 Municipal Primary",,,,,,
Contest Title,Contest Long Name,Party,District Type,Vote For,Term Number,Notes
Auditor Unexpired 4 Year Term,DEM Auditor Unexpired 4 Year Term Birmingham Township,Democratic,Municipal,1,4,
Auditor Unexpired 4 Year Term,REP Auditor Unexpired 4 Year Term Birmingham Township,Republican,Municipal,1,4,
Auditor Unexpired 4 Year Term,DEM Auditor Unexpired 4 Year Term E Brandywine Township,Democratic,Municipal,1,4,
Auditor Unexpired 4 Year Term,REP Auditor Unexpired 4 Year Term E Brandywine Township,Republican,Municipal,1,4,
Auditor Unexpired 4 Year Term,DEM Auditor Unexpired 4 Year Term Charlestown Township,Democratic,Municipal,1,4,
Auditor Unexpired 4 Year Term,REP Auditor Unexpired 4 Year Term Charlestown Township,Republican,Municipal,1,4,
Auditor Unexpired 4 Year Term,DEM Auditor Unexpired 4 Year Term E Fallowfield Township,Democratic,Municipal,1,4,
Auditor Unexpired 4 Year Term,REP Auditor Unexpired 4 Year Term E Fallowfield Township,Republican,Municipal,1,4,
Auditor Unexpired 4 Year Term,DEM Auditor Unexpired 4 Year Term Sadsbury Township,Democratic,Municipal,1,4,
Auditor Unexpired 4 Year Term,REP Auditor Unexpired 4 Year Term Sadsbury Township,Republican,Municipal,1,4,
Auditor Unexpired 4 Year Term,DEM Auditor Unexpired 4 Year Term E Vincent Township,Democratic,Municipal,1,4,
Auditor Unexpired 4 Year Term,REP Auditor Unexpired 4 Year Term E Vincent Township,Republican,Municipal,1,4,
Auditor Unexpired 2 Year Term,DEM Auditor Unexpired 2 Year Term London Britain Township,Democratic,Municipal,1,2,
Auditor Unexpired 2 Year Term,REP Auditor Unexpired 2 Year Term London Britain Township,Republican,Municipal,1,2,
Auditor Unexpired 2 Year Term,DEM Auditor Unexpired 2 Year Term London Grove Township,Democratic,Municipal,1,2,
Auditor Unexpired 2 Year Term,REP Auditor Unexpired 2 Year Term London Grove Township,Republican,Municipal,1,2,
Auditor Unexpired 2 Year Term,DEM Auditor Unexpired 2 Year Term E Marlborough Township,Democratic,Municipal,1,2,
Auditor Unexpired 2 Year Term,REP Auditor Unexpired 2 Year Term E Marlborough Township,Republican,Municipal,1,2,
Auditor Unexpired 2 Year Term,DEM Auditor Unexpired 2 Year Term Penn Township,Democratic,Municipal,1,2,
Auditor Unexpired 2 Year Term,REP Auditor Unexpired 2 Year Term Penn Township,Republican,Municipal,1,2,
Auditor Unexpired 2 Year Term,DEM Auditor Unexpired 2 Year Term Pennsbury Township,Democratic,Municipal,1,2,
Auditor Unexpired 2 Year Term,REP Auditor Unexpired 2 Year Term Pennsbury Township,Republican,Municipal,1,2,
Auditor Unexpired 2 Year Term,DEM Auditor Unexpired 2 Year Term Upper Uwchlan Township,Democratic,Municipal,1,2,
Auditor Unexpired 2 Year Term,REP Auditor Unexpired 2 Year Term Upper Uwchlan Township,Republican,Municipal,1,2,
Auditor Unexpired 2 Year Term,DEM Auditor Unexpired 2 Year Term Wallace Township,Democratic,Municipal,1,2,
Auditor Unexpired 2 Year Term,REP Auditor Unexpired 2 Year Term Wallace Township,Republican,Municipal,1,2,
Auditor Unexpired 2 Year Term,DEM Auditor Unexpired 2 Year Term E Whiteland Township,Democratic,Municipal,1,2,
Auditor Unexpired 2 Year Term,REP Auditor Unexpired 2 Year Term E Whiteland Township,Republican,Municipal,1,2,
Auditor Unexpired 2 Year Term,DEM Auditor Unexpired 2 Year Term W Whiteland Township,Democratic,Municipal,1,2,
Auditor Unexpired 2 Year Term,REP Auditor Unexpired 2 Year Term W Whiteland Township,Republican,Municipal,1,2,
Member of Council,DEM Member of Council S Coatesville Borough,Democratic,Municipal,4,4,
Member of Council,REP Member of Council S Coatesville Borough,Republican,Municipal,4,4,
Member of Council,DEM Member of Council Elverson Borough,Democratic,Municipal,4,4,
Member of Council,REP Member of Council Elverson Borough,Republican,Municipal,4,4,
Member of Council,DEM Member of Council Honey Brook Borough,Democratic,Municipal,4,4,
Member of Council,REP Member of Council Honey Brook Borough,Republican,Municipal,4,4,
Member of Council,DEM Member of Council Kennett Square Borough,Democratic,Municipal,4,4,
Member of Council,REP Member of Council Kennett Square Borough,Republican,Municipal,4,4,
Member of Council,DEM Member of Council Oxford Borough,Democratic,Municipal,4,4,
Member of Council,REP Member of Council Oxford Borough,Republican,Municipal,4,4,
Member of Council,DEM Member of Council Parkesburg Borough,Democratic,Municipal,4,4,
Member of Council,REP Member of Council Parkesburg Borough,Republican,Municipal,4,4,
Member of Council,DEM Member of Council Spring City Borough,Democratic,Municipal,4,4,
Member of Council,REP Member of Council Spring City Borough,Republican,Municipal,4,4,
Member of Council,DEM Member of Council Atglen Borough,Democratic,Municipal,3,4,
Member of Council,REP Member of Council Atglen Borough,Republican,Municipal,3,4,
Member of Council,DEM Member of Council Avondale Borough,Democratic,Municipal,3,4,
Member of Council,REP Member of Council Avondale Borough,Republican,Municipal,3,4,
Member of Council,DEM Member of Council Malvern Borough,Democratic,Municipal,3,4,
Member of Council,REP Member of Council Malvern Borough,Republican,Municipal,3,4,
Member of Council,DEM Member of Council Modena Borough,Democratic,Municipal,3,4,
"CHESTER COUNTY, PENNSYLVANIA
UNOFFICIAL LIST OF OFFICES
MAY 20, 2025 Municipal Primary",,,,,,
Contest Title,Contest Long Name,Party,District Type,Vote For,Term Number,Notes
Member of Council,REP Member of Council Modena Borough,Republican,Municipal,3,4,
Member of Council,DEM Member of Council W Grove Borough,Democratic,Municipal,3,4,
Member of Council,REP Member of Council W Grove Borough,Republican,Municipal,3,4,
Member of Council At Large,DEM Member of Council At Large City Of Coatesville,Democratic,Municipal,2,4,
Member of Council At Large,REP Member of Council At Large City Of Coatesville,Republican,Municipal,2,4,
Member of Council,DEM Member of Council Downingtown W Ward,Democratic,Ward,2,4,
Member of Council,REP Member of Council Downingtown W Ward,Republican,Ward,2,4,
Member of Council,DEM Member of Council Coatesville 2nd Ward,Democratic,Ward,1,4,
Member of Council,REP Member of Council Coatesville 2nd Ward,Republican,Ward,1,4,
Member of Council,DEM Member of Council Coatesville 4th Ward,Democratic,Ward,1,4,
Member of Council,REP Member of Council Coatesville 4th Ward,Republican,Ward,1,4,
Member of Council,DEM Member of Council Downingtown E Ward,Democratic,Ward,1,4,
Member of Council,REP Member of Council Downingtown E Ward,Republican,Ward,1,4,
Member of Council,DEM Member of Council Phoenixville N Ward,Democratic,Ward,1,4,
Member of Council,REP Member of Council Phoenixville N Ward,Republican,Ward,1,4,
Member of Council,DEM Member of Council Phoenixville Md Ward,Democratic,Ward,1,4,
Member of Council,REP Member of Council Phoenixville Md Ward,Republican,Ward,1,4,
Member of Council,DEM Member of Council Phoenixville E Ward,Democratic,Ward,1,4,
Member of Council,REP Member of Council Phoenixville E Ward,Republican,Ward,1,4,
Member of Council,DEM Member of Council Phoenixville W Ward,Democratic,Ward,1,4,
Member of Council,REP Member of Council Phoenixville W Ward,Republican,Ward,1,4,
Member of Council,DEM Member of Council West Chester 1st Ward,Democratic,Ward,1,4,
Member of Council,REP Member of Council West Chester 1st Ward,Republican,Ward,1,4,
Member of Council,DEM Member of Council West Chester 3rd Ward,Democratic,Ward,1,4,
Member of Council,REP Member of Council West Chester 3rd Ward,Republican,Ward,1,4,
Member of Council,DEM Member of Council West Chester 5th Ward,Democratic,Ward,1,4,
Member of Council,REP Member of Council West Chester 5th Ward,Republican,Ward,1,4,
Member of Council,DEM Member of Council West Chester 7th Ward,Democratic,Ward,1,4,
Member of Council,REP Member of Council West Chester 7th Ward,Republican,Ward,1,4,
Member of Council Unexpired 2 Year Term,DEM Member of Council Unexpired 2 Year Term Kennett Square Borough,Democratic,Municipal,1,2,
Member of Council Unexpired 2 Year Term,REP Member of Council Unexpired 2 Year Term Kennett Square Borough,Republican,Municipal,1,2,
Member of Council Unexpired 2 Year Term,DEM Member of Council Unexpired 2 Year Term W Grove Borough,Democratic,Municipal,1,2,
Member of Council Unexpired 2 Year Term,REP Member of Council Unexpired 2 Year Term W Grove Borough,Republican,Municipal,1,2,
Mayor,DEM Mayor Atglen Borough,Democratic,Municipal,1,4,
Mayor,REP Mayor Atglen Borough,Republican,Municipal,1,4,
Mayor,DEM Mayor Avondale Borough,Democratic,Municipal,1,4,
Mayor,REP Mayor Avondale Borough,Republican,Municipal,1,4,
Mayor,DEM Mayor S Coatesville Borough,Democratic,Municipal,1,4,
Mayor,REP Mayor S Coatesville Borough,Republican,Municipal,1,4,
Mayor,DEM Mayor Downingtown Borough,Democratic,Municipal,1,4,
Mayor,REP Mayor Downingtown Borough,Republican,Municipal,1,4,
Mayor,DEM Mayor Elverson Borough,Democratic,Municipal,1,4,
Mayor,REP Mayor Elverson Borough,Republican,Municipal,1,4,
Mayor,DEM Mayor Honey Brook Borough,Democratic,Municipal,1,4,
Mayor,REP Mayor Honey Brook Borough,Republican,Municipal,1,4,
Mayor,DEM Mayor Kennett Square Borough,Democratic,Municipal,1,4,
Mayor,REP Mayor Kennett Square Borough,Republican,Municipal,1,4,
Mayor,DEM Mayor Malvern Borough,Democratic,Municipal,1,4,
Mayor,REP Mayor Malvern Borough,Republican,Municipal,1,4,
Mayor,DEM Mayor Modena Borough,Democratic,Municipal,1,4,
Mayor,REP Mayor Modena Borough,Republican,Municipal,1,4,
"CHESTER COUNTY, PENNSYLVANIA
UNOFFICIAL LIST OF OFFICES
MAY 20, 2025 Municipal Primary",,,,,,
Contest Title,Contest Long Name,Party,District Type,Vote For,Term Number,Notes
Mayor,DEM Mayor Oxford Borough,Democratic,Municipal,1,4,
Mayor,REP Mayor Oxford Borough,Republican,Municipal,1,4,
Mayor,DEM Mayor Parkesburg Borough,Democratic,Municipal,1,4,
Mayor,REP Mayor Parkesburg Borough,Republican,Municipal,1,4,
Mayor,DEM Mayor Phoenixville Borough,Democratic,Municipal,1,4,
Mayor,REP Mayor Phoenixville Borough,Republican,Municipal,1,4,
Mayor,DEM Mayor Spring City Borough,Democratic,Municipal,1,4,
Mayor,REP Mayor Spring City Borough,Republican,Municipal,1,4,
Mayor,DEM Mayor W Grove Borough,Democratic,Municipal,1,4,
Mayor,REP Mayor W Grove Borough,Republican,Municipal,1,4,
Mayor,DEM Mayor West Chester Borough,Democratic,Municipal,1,4,
Mayor,REP Mayor West Chester Borough,Republican,Municipal,1,4,
Township Supervisor,DEM Township Supervisor E Coventry Township,Democratic,Municipal,2,6,
Township Supervisor,REP Township Supervisor E Coventry Township,Republican,Municipal,2,6,
Township Supervisor,DEM Township Supervisor E Fallowfield Township,Democratic,Municipal,2,6,
Township Supervisor,REP Township Supervisor E Fallowfield Township,Republican,Municipal,2,6,
Township Supervisor,DEM Township Supervisor Franklin Township,Democratic,Municipal,2,6,
Township Supervisor,REP Township Supervisor Franklin Township,Republican,Municipal,2,6,
Township Supervisor,DEM Township Supervisor E Goshen Township,Democratic,Municipal,2,6,
Township Supervisor,REP Township Supervisor E Goshen Township,Republican,Municipal,2,6,
Township Supervisor,DEM Township Supervisor London Grove Township,Democratic,Municipal,2,6,
Township Supervisor,REP Township Supervisor London Grove Township,Republican,Municipal,2,6,
Township Supervisor,DEM Township Supervisor E Marlborough Township,Democratic,Municipal,2,6,
Township Supervisor,REP Township Supervisor E Marlborough Township,Republican,Municipal,2,6,
Township Supervisor,DEM Township Supervisor New Garden Township,Democratic,Municipal,2,6,
Township Supervisor,REP Township Supervisor New Garden Township,Republican,Municipal,2,6,
Township Supervisor,DEM Township Supervisor Penn Township,Democratic,Municipal,2,6,
Township Supervisor,REP Township Supervisor Penn Township,Republican,Municipal,2,6,
Township Supervisor,DEM Township Supervisor W Pikeland Township,Democratic,Municipal,2,6,
Township Supervisor,REP Township Supervisor W Pikeland Township,Republican,Municipal,2,6,
Township Supervisor,DEM Township Supervisor Schuylkill Township,Democratic,Municipal,2,6,
Township Supervisor,REP Township Supervisor Schuylkill Township,Republican,Municipal,2,6,
Township Supervisor,DEM Township Supervisor Thornbury Township,Democratic,Municipal,2,6,
Township Supervisor,REP Township Supervisor Thornbury Township,Republican,Municipal,2,6,
Township Supervisor At Large,DEM Township Supervisor At Large Tredyffrin Township,Democratic,Municipal,2,4,
Township Supervisor At Large,REP Township Supervisor At Large Tredyffrin Township,Republican,Municipal,2,4,
Township Supervisor,DEM Township Supervisor Birmingham Township,Democratic,Municipal,1,6,
Township Supervisor,REP Township Supervisor Birmingham Township,Republican,Municipal,1,6,
Township Supervisor,DEM Township Supervisor E Bradford Township,Democratic,Municipal,1,6,
Township Supervisor,REP Township Supervisor E Bradford Township,Republican,Municipal,1,6,
Township Supervisor,DEM Township Supervisor W Bradford Township,Democratic,Municipal,1,6,
Township Supervisor,REP Township Supervisor W Bradford Township,Republican,Municipal,1,6,
Township Supervisor,DEM Township Supervisor E Brandywine Township,Democratic,Municipal,1,6,
Township Supervisor,REP Township Supervisor E Brandywine Township,Republican,Municipal,1,6,
Township Supervisor,DEM Township Supervisor W Brandywine Township,Democratic,Municipal,1,6,
Township Supervisor,REP Township Supervisor W Brandywine Township,Republican,Municipal,1,6,
Township Supervisor,DEM Township Supervisor East Caln Township,Democratic,Municipal,1,6,
Township Supervisor,REP Township Supervisor East Caln Township,Republican,Municipal,1,6,
Township Supervisor,DEM Township Supervisor West Caln Township,Democratic,Municipal,1,6,
Township Supervisor,REP Township Supervisor West Caln Township,Republican,Municipal,1,6,
Township Supervisor,DEM Township Supervisor Charlestown Township,Democratic,Municipal,1,6,
"CHESTER COUNTY, PENNSYLVANIA
UNOFFICIAL LIST OF OFFICES
MAY 20, 2025 Municipal Primary",,,,,,
Contest Title,Contest Long Name,Party,District Type,Vote For,Term Number,Notes
Township Supervisor,REP Township Supervisor Charlestown Township,Republican,Municipal,1,6,
Township Supervisor,DEM Township Supervisor N Coventry Township,Democratic,Municipal,1,6,
Township Supervisor,REP Township Supervisor N Coventry Township,Republican,Municipal,1,6,
Township Supervisor,DEM Township Supervisor S Coventry Township,Democratic,Municipal,1,6,
Township Supervisor,REP Township Supervisor S Coventry Township,Republican,Municipal,1,6,
Township Supervisor,DEM Township Supervisor Easttown Township,Democratic,Municipal,1,6,
Township Supervisor,REP Township Supervisor Easttown Township,Republican,Municipal,1,6,
Township Supervisor,DEM Township Supervisor Elk Township,Democratic,Municipal,1,6,
Township Supervisor,REP Township Supervisor Elk Township,Republican,Municipal,1,6,
Township Supervisor,DEM Township Supervisor W Fallowfield Township,Democratic,Municipal,1,6,
Township Supervisor,REP Township Supervisor W Fallowfield Township,Republican,Municipal,1,6,
Township Supervisor,DEM Township Supervisor W Goshen Township,Democratic,Municipal,1,6,
Township Supervisor,REP Township Supervisor W Goshen Township,Republican,Municipal,1,6,
Township Supervisor,DEM Township Supervisor Highland Township,Democratic,Municipal,1,6,
Township Supervisor,REP Township Supervisor Highland Township,Republican,Municipal,1,6,
Township Supervisor,DEM Township Supervisor Honey Brook Township,Democratic,Municipal,1,6,
Township Supervisor,REP Township Supervisor Honey Brook Township,Republican,Municipal,1,6,
Township Supervisor,DEM Township Supervisor Kennett Township,Democratic,Municipal,1,6,
Township Supervisor,REP Township Supervisor Kennett Township,Republican,Municipal,1,6,
Township Supervisor,DEM Township Supervisor London Britain Township,Democratic,Municipal,1,6,
Township Supervisor,REP Township Supervisor London Britain Township,Republican,Municipal,1,6,
Township Supervisor,DEM Township Supervisor Londonderry Township,Democratic,Municipal,1,6,
Township Supervisor,REP Township Supervisor Londonderry Township,Republican,Municipal,1,6,
Township Supervisor,DEM Township Supervisor W Marlborough Township,Democratic,Municipal,1,6,
Township Supervisor,REP Township Supervisor W Marlborough Township,Republican,Municipal,1,6,
Township Supervisor,DEM Township Supervisor E Nantmeal Township,Democratic,Municipal,1,6,
Township Supervisor,REP Township Supervisor E Nantmeal Township,Republican,Municipal,1,6,
Township Supervisor,DEM Township Supervisor W Nantmeal Township,Democratic,Municipal,1,6,
Township Supervisor,REP Township Supervisor W Nantmeal Township,Republican,Municipal,1,6,
Township Supervisor,DEM Township Supervisor New London Township,Democratic,Municipal,1,6,
Township Supervisor,REP Township Supervisor New London Township,Republican,Municipal,1,6,
Township Supervisor,DEM Township Supervisor Newlin Township,Democratic,Municipal,1,6,
Township Supervisor,REP Township Supervisor Newlin Township,Republican,Municipal,1,6,
Township Supervisor,DEM Township Supervisor E Nottingham Township,Democratic,Municipal,1,6,
Township Supervisor,REP Township Supervisor E Nottingham Township,Republican,Municipal,1,6,
Township Supervisor,DEM Township Supervisor W Nottingham Township,Democratic,Municipal,1,6,
Township Supervisor,REP Township Supervisor W Nottingham Township,Republican,Municipal,1,6,
Township Supervisor,DEM Township Supervisor Lower Oxford Township,Democratic,Municipal,1,6,
Township Supervisor,REP Township Supervisor Lower Oxford Township,Republican,Municipal,1,6,
Township Supervisor,DEM Township Supervisor Upper Oxford Township,Democratic,Municipal,1,6,
Township Supervisor,REP Township Supervisor Upper Oxford Township,Republican,Municipal,1,6,
Township Supervisor,DEM Township Supervisor Pennsbury Township,Democratic,Municipal,1,6,
Township Supervisor,REP Township Supervisor Pennsbury Township,Republican,Municipal,1,6,
Township Supervisor,DEM Township Supervisor E Pikeland Township,Democratic,Municipal,1,6,
Township Supervisor,REP Township Supervisor E Pikeland Township,Republican,Municipal,1,6,
Township Supervisor,DEM Township Supervisor Pocopson Township,Democratic,Municipal,1,6,
Township Supervisor,REP Township Supervisor Pocopson Township,Republican,Municipal,1,6,
Township Supervisor,DEM Township Supervisor Sadsbury Township,Democratic,Municipal,1,6,
Township Supervisor,REP Township Supervisor Sadsbury Township,Republican,Municipal,1,6,
Township Supervisor,DEM Township Supervisor W Sadsbury Township,Democratic,Municipal,1,6,
Township Supervisor,REP Township Supervisor W Sadsbury Township,Republican,Municipal,1,6,
"CHESTER COUNTY, PENNSYLVANIA
UNOFFICIAL LIST OF OFFICES
MAY 20, 2025 Municipal Primary",,,,,,
Contest Title,Contest Long Name,Party,District Type,Vote For,Term Number,Notes
Township Supervisor,DEM Township Supervisor Uwchlan Township,Democratic,Municipal,1,6,
Township Supervisor,REP Township Supervisor Uwchlan Township,Republican,Municipal,1,6,
Township Supervisor,DEM Township Supervisor Upper Uwchlan Township,Democratic,Municipal,1,6,
Township Supervisor,REP Township Supervisor Upper Uwchlan Township,Republican,Municipal,1,6,
Township Supervisor,DEM Township Supervisor Valley Township,Democratic,Municipal,1,6,
Township Supervisor,REP Township Supervisor Valley Township,Republican,Municipal,1,6,
Township Supervisor,DEM Township Supervisor E Vincent Township,Democratic,Municipal,1,6,
Township Supervisor,REP Township Supervisor E Vincent Township,Republican,Municipal,1,6,
Township Supervisor,DEM Township Supervisor W Vincent Township,Democratic,Municipal,1,6,
Township Supervisor,REP Township Supervisor W Vincent Township,Republican,Municipal,1,6,
Township Supervisor,DEM Township Supervisor Wallace Township,Democratic,Municipal,1,6,
Township Supervisor,REP Township Supervisor Wallace Township,Republican,Municipal,1,6,
Township Supervisor,DEM Township Supervisor Warwick Township,Democratic,Municipal,1,6,
Township Supervisor,REP Township Supervisor Warwick Township,Republican,Municipal,1,6,
Township Supervisor,DEM Township Supervisor Westtown Township,Democratic,Municipal,1,6,
Township Supervisor,REP Township Supervisor Westtown Township,Republican,Municipal,1,6,
Township Supervisor,DEM Township Supervisor E Whiteland Township,Democratic,Municipal,1,6,
Township Supervisor,REP Township Supervisor E Whiteland Township,Republican,Municipal,1,6,
Township Supervisor,DEM Township Supervisor W Whiteland Township,Democratic,Municipal,1,6,
Township Supervisor,REP Township Supervisor W Whiteland Township,Republican,Municipal,1,6,
Township Supervisor,DEM Township Supervisor Willistown Township,Democratic,Municipal,1,6,
Township Supervisor,REP Township Supervisor Willistown Township,Republican,Municipal,1,6,
Township Supervisor,DEM Township Supervisor Tredyffrin 2nd Dist,Democratic,Ward,1,4,
Township Supervisor,REP Township Supervisor Tredyffrin 2nd Dist,Republican,Ward,1,4,
Township Supervisor Unexpired 4 Year Term,DEM Township Supervisor Unexpired 4 Year Term Charlestown Township,Democratic,Municipal,1,4,
Township Supervisor Unexpired 4 Year Term,REP Township Supervisor Unexpired 4 Year Term Charlestown Township,Republican,Municipal,1,4,
Township Supervisor Unexpired 4 Year Term,DEM Township Supervisor Unexpired 4 Year Term Thornbury Township,Democratic,Municipal,1,4,
Township Supervisor Unexpired 4 Year Term,REP Township Supervisor Unexpired 4 Year Term Thornbury Township,Republican,Municipal,1,4,
Township Supervisor Unexpired 2 Year Term,DEM Township Supervisor Unexpired 2 Year Term West Caln Township,Democratic,Municipal,1,2,
Township Supervisor Unexpired 2 Year Term,REP Township Supervisor Unexpired 2 Year Term West Caln Township,Republican,Municipal,1,2,
Township Supervisor Unexpired 2 Year Term,DEM Township Supervisor Unexpired 2 Year Term Charlestown Township,Democratic,Municipal,1,2,
Township Supervisor Unexpired 2 Year Term,REP Township Supervisor Unexpired 2 Year Term Charlestown Township,Republican,Municipal,1,2,
Township Supervisor Unexpired 2 Year Term,DEM Township Supervisor Unexpired 2 Year Term London Britain Township,Democratic,Municipal,1,2,
Township Supervisor Unexpired 2 Year Term,REP Township Supervisor Unexpired 2 Year Term London Britain Township,Republican,Municipal,1,2,
Township Supervisor Unexpired 2 Year Term,DEM Township Supervisor Unexpired 2 Year Term E Marlborough Township,Democratic,Municipal,1,2,
Township Supervisor Unexpired 2 Year Term,REP Township Supervisor Unexpired 2 Year Term E Marlborough Township,Republican,Municipal,1,2,
Township Supervisor Unexpired 2 Year Term,DEM Township Supervisor Unexpired 2 Year Term W Sadsbury Township,Democratic,Municipal,1,2,
Township Supervisor Unexpired 2 Year Term,REP Township Supervisor Unexpired 2 Year Term W Sadsbury Township,Republican,Municipal,1,2,
Township Commissioner,DEM Township Commissioner Caln Township,Democratic,Municipal,3,4,
Township Commissioner,REP Township Commissioner Caln Township,Republican,Municipal,3,4,
Tax Collector,DEM Tax Collector Atglen Borough,Democratic,Municipal,1,4,
Tax Collector,REP Tax Collector Atglen Borough,Republican,Municipal,1,4,
Tax Collector,DEM Tax Collector Avondale Borough,Democratic,Municipal,1,4,
Tax Collector,REP Tax Collector Avondale Borough,Republican,Municipal,1,4,
Tax Collector,DEM Tax Collector Birmingham Township,Democratic,Municipal,1,4,
Tax Collector,REP Tax Collector Birmingham Township,Republican,Municipal,1,4,
Tax Collector,DEM Tax Collector E Bradford Township,Democratic,Municipal,1,4,
Tax Collector,REP Tax Collector E Bradford Township,Republican,Municipal,1,4,
Tax Collector,DEM Tax Collector W Bradford Township,Democratic,Municipal,1,4,
Tax Collector,REP Tax Collector W Bradford Township,Republican,Municipal,1,4,
Tax Collector,DEM Tax Collector E Brandywine Township,Democratic,Municipal,1,4,
"CHESTER COUNTY, PENNSYLVANIA
UNOFFICIAL LIST OF OFFICES
MAY 20, 2025 Municipal Primary",,,,,,
Contest Title,Contest Long Name,Party,District Type,Vote For,Term Number,Notes
Tax Collector,REP Tax Collector E Brandywine Township,Republican,Municipal,1,4,
Tax Collector,DEM Tax Collector W Brandywine Township,Democratic,Municipal,1,4,
Tax Collector,REP Tax Collector W Brandywine Township,Republican,Municipal,1,4,
Tax Collector,DEM Tax Collector Caln Township,Democratic,Municipal,1,4,
Tax Collector,REP Tax Collector Caln Township,Republican,Municipal,1,4,
Tax Collector,DEM Tax Collector East Caln Township,Democratic,Municipal,1,4,
Tax Collector,REP Tax Collector East Caln Township,Republican,Municipal,1,4,
Tax Collector,DEM Tax Collector West Caln Township,Democratic,Municipal,1,4,
Tax Collector,REP Tax Collector West Caln Township,Republican,Municipal,1,4,
Tax Collector,DEM Tax Collector Charlestown Township,Democratic,Municipal,1,4,
Tax Collector,REP Tax Collector Charlestown Township,Republican,Municipal,1,4,
Tax Collector,DEM Tax Collector S Coatesville Borough,Democratic,Municipal,1,4,
Tax Collector,REP Tax Collector S Coatesville Borough,Republican,Municipal,1,4,
Tax Collector,DEM Tax Collector N Coventry Township,Democratic,Municipal,1,4,
Tax Collector,REP Tax Collector N Coventry Township,Republican,Municipal,1,4,
Tax Collector,DEM Tax Collector E Coventry Township,Democratic,Municipal,1,4,
Tax Collector,REP Tax Collector E Coventry Township,Republican,Municipal,1,4,
Tax Collector,DEM Tax Collector S Coventry Township,Democratic,Municipal,1,4,
Tax Collector,REP Tax Collector S Coventry Township,Republican,Municipal,1,4,
Tax Collector,DEM Tax Collector Downingtown Borough,Democratic,Municipal,1,4,
Tax Collector,REP Tax Collector Downingtown Borough,Republican,Municipal,1,4,
Tax Collector,DEM Tax Collector Easttown Township,Democratic,Municipal,1,4,
Tax Collector,REP Tax Collector Easttown Township,Republican,Municipal,1,4,
Tax Collector,DEM Tax Collector Elk Township,Democratic,Municipal,1,4,
Tax Collector,REP Tax Collector Elk Township,Republican,Municipal,1,4,
Tax Collector,DEM Tax Collector Elverson Borough,Democratic,Municipal,1,4,
Tax Collector,REP Tax Collector Elverson Borough,Republican,Municipal,1,4,
Tax Collector,DEM Tax Collector E Fallowfield Township,Democratic,Municipal,1,4,
Tax Collector,REP Tax Collector E Fallowfield Township,Republican,Municipal,1,4,
Tax Collector,DEM Tax Collector W Fallowfield Township,Democratic,Municipal,1,4,
Tax Collector,REP Tax Collector W Fallowfield Township,Republican,Municipal,1,4,
Tax Collector,DEM Tax Collector Franklin Township,Democratic,Municipal,1,4,
Tax Collector,REP Tax Collector Franklin Township,Republican,Municipal,1,4,
Tax Collector,DEM Tax Collector E Goshen Township,Democratic,Municipal,1,4,
Tax Collector,REP Tax Collector E Goshen Township,Republican,Municipal,1,4,
Tax Collector,DEM Tax Collector W Goshen Township,Democratic,Municipal,1,4,
Tax Collector,REP Tax Collector W Goshen Township,Republican,Municipal,1,4,
Tax Collector,DEM Tax Collector Highland Township,Democratic,Municipal,1,4,
Tax Collector,REP Tax Collector Highland Township,Republican,Municipal,1,4,
Tax Collector,DEM Tax Collector Honey Brook Borough,Democratic,Municipal,1,4,
Tax Collector,REP Tax Collector Honey Brook Borough,Republican,Municipal,1,4,
Tax Collector,DEM Tax Collector Honey Brook Township,Democratic,Municipal,1,4,
Tax Collector,REP Tax Collector Honey Brook Township,Republican,Municipal,1,4,
Tax Collector,DEM Tax Collector Kennett Township,Democratic,Municipal,1,4,
Tax Collector,REP Tax Collector Kennett Township,Republican,Municipal,1,4,
Tax Collector,DEM Tax Collector London Britain Township,Democratic,Municipal,1,4,
Tax Collector,REP Tax Collector London Britain Township,Republican,Municipal,1,4,
Tax Collector,DEM Tax Collector Londonderry Township,Democratic,Municipal,1,4,
Tax Collector,REP Tax Collector Londonderry Township,Republican,Municipal,1,4,
Tax Collector,DEM Tax Collector London Grove Township,Democratic,Municipal,1,4,
Tax Collector,REP Tax Collector London Grove Township,Republican,Municipal,1,4,
"CHESTER COUNTY, PENNSYLVANIA
UNOFFICIAL LIST OF OFFICES
MAY 20, 2025 Municipal Primary",,,,,,
Contest Title,Contest Long Name,Party,District Type,Vote For,Term Number,Notes
Tax Collector,DEM Tax Collector E Marlborough Township,Democratic,Municipal,1,4,
Tax Collector,REP Tax Collector E Marlborough Township,Republican,Municipal,1,4,
Tax Collector,DEM Tax Collector W Marlborough Township,Democratic,Municipal,1,4,
Tax Collector,REP Tax Collector W Marlborough Township,Republican,Municipal,1,4,
Tax Collector,DEM Tax Collector Modena Borough,Democratic,Municipal,1,4,
Tax Collector,REP Tax Collector Modena Borough,Republican,Municipal,1,4,
Tax Collector,DEM Tax Collector E Nantmeal Township,Democratic,Municipal,1,4,
Tax Collector,REP Tax Collector E Nantmeal Township,Republican,Municipal,1,4,
Tax Collector,DEM Tax Collector W Nantmeal Township,Democratic,Municipal,1,4,
Tax Collector,REP Tax Collector W Nantmeal Township,Republican,Municipal,1,4,
Tax Collector,DEM Tax Collector New Garden Township,Democratic,Municipal,1,4,
Tax Collector,REP Tax Collector New Garden Township,Republican,Municipal,1,4,
Tax Collector,DEM Tax Collector New London Township,Democratic,Municipal,1,4,
Tax Collector,REP Tax Collector New London Township,Republican,Municipal,1,4,
Tax Collector,DEM Tax Collector Newlin Township,Democratic,Municipal,1,4,
Tax Collector,REP Tax Collector Newlin Township,Republican,Municipal,1,4,
Tax Collector,DEM Tax Collector E Nottingham Township,Democratic,Municipal,1,4,
Tax Collector,REP Tax Collector E Nottingham Township,Republican,Municipal,1,4,
Tax Collector,DEM Tax Collector W Nottingham Township,Democratic,Municipal,1,4,
Tax Collector,REP Tax Collector W Nottingham Township,Republican,Municipal,1,4,
Tax Collector,DEM Tax Collector Oxford Borough,Democratic,Municipal,1,4,
Tax Collector,REP Tax Collector Oxford Borough,Republican,Municipal,1,4,
Tax Collector,DEM Tax Collector Lower Oxford Township,Democratic,Municipal,1,4,
Tax Collector,REP Tax Collector Lower Oxford Township,Republican,Municipal,1,4,
Tax Collector,DEM Tax Collector Upper Oxford Township,Democratic,Municipal,1,4,
Tax Collector,REP Tax Collector Upper Oxford Township,Republican,Municipal,1,4,
Tax Collector,DEM Tax Collector Parkesburg Borough,Democratic,Municipal,1,4,
Tax Collector,REP Tax Collector Parkesburg Borough,Republican,Municipal,1,4,
Tax Collector,DEM Tax Collector Penn Township,Democratic,Municipal,1,4,
Tax Collector,REP Tax Collector Penn Township,Republican,Municipal,1,4,
Tax Collector,DEM Tax Collector Pennsbury Township,Democratic,Municipal,1,4,
Tax Collector,REP Tax Collector Pennsbury Township,Republican,Municipal,1,4,
Tax Collector,DEM Tax Collector Phoenixville Borough,Democratic,Municipal,1,4,
Tax Collector,REP Tax Collector Phoenixville Borough,Republican,Municipal,1,4,
Tax Collector,DEM Tax Collector E Pikeland Township,Democratic,Municipal,1,4,
Tax Collector,REP Tax Collector E Pikeland Township,Republican,Municipal,1,4,
Tax Collector,DEM Tax Collector W Pikeland Township,Democratic,Municipal,1,4,
Tax Collector,REP Tax Collector W Pikeland Township,Republican,Municipal,1,4,
Tax Collector,DEM Tax Collector Pocopson Township,Democratic,Municipal,1,4,
Tax Collector,REP Tax Collector Pocopson Township,Republican,Municipal,1,4,
Tax Collector,DEM Tax Collector Sadsbury Township,Democratic,Municipal,1,4,
Tax Collector,REP Tax Collector Sadsbury Township,Republican,Municipal,1,4,
Tax Collector,DEM Tax Collector W Sadsbury Township,Democratic,Municipal,1,4,
Tax Collector,REP Tax Collector W Sadsbury Township,Republican,Municipal,1,4,
Tax Collector,DEM Tax Collector Schuylkill Township,Democratic,Municipal,1,4,
Tax Collector,REP Tax Collector Schuylkill Township,Republican,Municipal,1,4,
Tax Collector,DEM Tax Collector Spring City Borough,Democratic,Municipal,1,4,
Tax Collector,REP Tax Collector Spring City Borough,Republican,Municipal,1,4,
Tax Collector,DEM Tax Collector Thornbury Township,Democratic,Municipal,1,4,
Tax Collector,REP Tax Collector Thornbury Township,Republican,Municipal,1,4,
Tax Collector,DEM Tax Collector Uwchlan Township,Democratic,Municipal,1,4,
"CHESTER COUNTY, PENNSYLVANIA
UNOFFICIAL LIST OF OFFICES
MAY 20, 2025 Municipal Primary",,,,,,
Contest Title,Contest Long Name,Party,District Type,Vote For,Term Number,Notes
Tax Collector,REP Tax Collector Uwchlan Township,Republican,Municipal,1,4,
Tax Collector,DEM Tax Collector Upper Uwchlan Township,Democratic,Municipal,1,4,
Tax Collector,REP Tax Collector Upper Uwchlan Township,Republican,Municipal,1,4,
Tax Collector,DEM Tax Collector Valley Township,Democratic,Municipal,1,4,
Tax Collector,REP Tax Collector Valley Township,Republican,Municipal,1,4,
Tax Collector,DEM Tax Collector E Vincent Township,Democratic,Municipal,1,4,
Tax Collector,REP Tax Collector E Vincent Township,Republican,Municipal,1,4,
Tax Collector,DEM Tax Collector W Vincent Township,Democratic,Municipal,1,4,
Tax Collector,REP Tax Collector W Vincent Township,Republican,Municipal,1,4,
Tax Collector,DEM Tax Collector Wallace Township,Democratic,Municipal,1,4,
Tax Collector,REP Tax Collector Wallace Township,Republican,Municipal,1,4,
Tax Collector,DEM Tax Collector Warwick Township,Democratic,Municipal,1,4,
Tax Collector,REP Tax Collector Warwick Township,Republican,Municipal,1,4,
Tax Collector,DEM Tax Collector W Grove Borough,Democratic,Municipal,1,4,
Tax Collector,REP Tax Collector W Grove Borough,Republican,Municipal,1,4,
Tax Collector,DEM Tax Collector Westtown Township,Democratic,Municipal,1,4,
Tax Collector,REP Tax Collector Westtown Township,Republican,Municipal,1,4,
Tax Collector,DEM Tax Collector E Whiteland Township,Democratic,Municipal,1,4,
Tax Collector,REP Tax Collector E Whiteland Township,Republican,Municipal,1,4,
Tax Collector,DEM Tax Collector W Whiteland Township,Democratic,Municipal,1,4,
Tax Collector,REP Tax Collector W Whiteland Township,Republican,Municipal,1,4,
Tax Collector,DEM Tax Collector Willistown Township,Democratic,Municipal,1,4,
Tax Collector,REP Tax Collector Willistown Township,Republican,Municipal,1,4,
Judge of Elections,DEM Judge of Elections 005 Atglen,Democratic,Local,1,4,
Judge of Elections,REP Judge of Elections 005 Atglen,Republican,Local,1,4,
Judge of Elections,DEM Judge of Elections 010 Avondale,Democratic,Local,1,4,
Judge of Elections,REP Judge of Elections 010 Avondale,Republican,Local,1,4,
Judge of Elections,DEM Judge of Elections 014 Birmingham 1,Democratic,Local,1,4,
Judge of Elections,REP Judge of Elections 014 Birmingham 1,Republican,Local,1,4,
Judge of Elections,DEM Judge of Elections 015 Birmingham 2,Democratic,Local,1,4,
Judge of Elections,REP Judge of Elections 015 Birmingham 2,Republican,Local,1,4,
Judge of Elections,DEM Judge of Elections 020 E Bradford N-1,Democratic,Local,1,4,
Judge of Elections,REP Judge of Elections 020 E Bradford N-1,Republican,Local,1,4,
Judge of Elections,DEM Judge of Elections 021 E Bradford N-2,Democratic,Local,1,4,
Judge of Elections,REP Judge of Elections 021 E Bradford N-2,Republican,Local,1,4,
Judge of Elections,DEM Judge of Elections 023 E Bradford S-1,Democratic,Local,1,4,
Judge of Elections,REP Judge of Elections 023 E Bradford S-1,Republican,Local,1,4,
Judge of Elections,DEM Judge of Elections 024 E Bradford S-2,Democratic,Local,1,4,
Judge of Elections,REP Judge of Elections 024 E Bradford S-2,Republican,Local,1,4,
Judge of Elections,DEM Judge of Elections 025 W Bradford 1,Democratic,Local,1,4,
Judge of Elections,REP Judge of Elections 025 W Bradford 1,Republican,Local,1,4,
Judge of Elections,DEM Judge of Elections 030 W Bradford 2,Democratic,Local,1,4,
Judge of Elections,REP Judge of Elections 030 W Bradford 2,Republican,Local,1,4,
Judge of Elections,DEM Judge of Elections 031 W Bradford 3,Democratic,Local,1,4,
Judge of Elections,REP Judge of Elections 031 W Bradford 3,Republican,Local,1,4,
Judge of Elections,DEM Judge of Elections 032 W Bradford 4,Democratic,Local,1,4,
Judge of Elections,REP Judge of Elections 032 W Bradford 4,Republican,Local,1,4,
Judge of Elections,DEM Judge of Elections 033 W Bradford 5,Democratic,Local,1,4,
Judge of Elections,REP Judge of Elections 033 W Bradford 5,Republican,Local,1,4,
Judge of Elections,DEM Judge of Elections 035 E Brandywine N-1,Democratic,Local,1,4,
Judge of Elections,REP Judge of Elections 035 E Brandywine N-1,Republican,Local,1,4,
"CHESTER COUNTY, PENNSYLVANIA
UNOFFICIAL LIST OF OFFICES
MAY 20, 2025 Municipal Primary",,,,,,
Contest Title,Contest Long Name,Party,District Type,Vote For,Term Number,Notes
Judge of Elections,DEM Judge of Elections 036 E Brandywine N-2,Democratic,Local,1,4,
Judge of Elections,REP Judge of Elections 036 E Brandywine N-2,Republican,Local,1,4,
Judge of Elections,DEM Judge of Elections 038 E Brandywine S,Democratic,Local,1,4,
Judge of Elections,REP Judge of Elections 038 E Brandywine S,Republican,Local,1,4,
Judge of Elections,DEM Judge of Elections 040 W Brandywine E-1,Democratic,Local,1,4,
Judge of Elections,REP Judge of Elections 040 W Brandywine E-1,Republican,Local,1,4,
Judge of Elections,DEM Judge of Elections 041 W Brandywine E-2,Democratic,Local,1,4,
Judge of Elections,REP Judge of Elections 041 W Brandywine E-2,Republican,Local,1,4,
Judge of Elections,DEM Judge of Elections 043 W Brandywine W,Democratic,Local,1,4,
Judge of Elections,REP Judge of Elections 043 W Brandywine W,Republican,Local,1,4,
Judge of Elections,DEM Judge of Elections 045 Caln 1,Democratic,Local,1,4,
Judge of Elections,REP Judge of Elections 045 Caln 1,Republican,Local,1,4,
Judge of Elections,DEM Judge of Elections 050 Caln 2,Democratic,Local,1,4,
Judge of Elections,REP Judge of Elections 050 Caln 2,Republican,Local,1,4,
Judge of Elections,DEM Judge of Elections 053 Caln 3,Democratic,Local,1,4,
Judge of Elections,REP Judge of Elections 053 Caln 3,Republican,Local,1,4,
Judge of Elections,DEM Judge of Elections 054 Caln 4,Democratic,Local,1,4,
Judge of Elections,REP Judge of Elections 054 Caln 4,Republican,Local,1,4,
Judge of Elections,DEM Judge of Elections 055 East Caln 1,Democratic,Local,1,4,
Judge of Elections,REP Judge of Elections 055 East Caln 1,Republican,Local,1,4,
Judge of Elections,DEM Judge of Elections 056 East Caln 2,Democratic,Local,1,4,
Judge of Elections,REP Judge of Elections 056 East Caln 2,Republican,Local,1,4,
Judge of Elections,DEM Judge of Elections 060 West Caln 1,Democratic,Local,1,4,
Judge of Elections,REP Judge of Elections 060 West Caln 1,Republican,Local,1,4,
Judge of Elections,DEM Judge of Elections 061 West Caln 2,Democratic,Local,1,4,
Judge of Elections,REP Judge of Elections 061 West Caln 2,Republican,Local,1,4,
Judge of Elections,DEM Judge of Elections 065 Charlestown,Democratic,Local,1,4,
Judge of Elections,REP Judge of Elections 065 Charlestown,Republican,Local,1,4,
Judge of Elections,DEM Judge of Elections 070 Coatesville 1,Democratic,Local,1,4,
Judge of Elections,REP Judge of Elections 070 Coatesville 1,Republican,Local,1,4,
Judge of Elections,DEM Judge of Elections 080 Coatesville 2,Democratic,Local,1,4,
Judge of Elections,REP Judge of Elections 080 Coatesville 2,Republican,Local,1,4,
Judge of Elections,DEM Judge of Elections 090 Coatesville 3,Democratic,Local,1,4,
Judge of Elections,REP Judge of Elections 090 Coatesville 3,Republican,Local,1,4,
Judge of Elections,DEM Judge of Elections 100 Coatesville 4-1,Democratic,Local,1,4,
Judge of Elections,REP Judge of Elections 100 Coatesville 4-1,Republican,Local,1,4,
Judge of Elections,DEM Judge of Elections 110 Coatesville 4-2,Democratic,Local,1,4,
Judge of Elections,REP Judge of Elections 110 Coatesville 4-2,Republican,Local,1,4,
Judge of Elections,DEM Judge of Elections 120 Coatesville 5,Democratic,Local,1,4,
Judge of Elections,REP Judge of Elections 120 Coatesville 5,Republican,Local,1,4,
Judge of Elections,DEM Judge of Elections 140 S Coatesville,Democratic,Local,1,4,
Judge of Elections,REP Judge of Elections 140 S Coatesville,Republican,Local,1,4,
Judge of Elections,DEM Judge of Elections 145 N Coventry E,Democratic,Local,1,4,
Judge of Elections,REP Judge of Elections 145 N Coventry E,Republican,Local,1,4,
Judge of Elections,DEM Judge of Elections 150 N Coventry M,Democratic,Local,1,4,
Judge of Elections,REP Judge of Elections 150 N Coventry M,Republican,Local,1,4,
Judge of Elections,DEM Judge of Elections 155 N Coventry W-1,Democratic,Local,1,4,
Judge of Elections,REP Judge of Elections 155 N Coventry W-1,Republican,Local,1,4,
Judge of Elections,DEM Judge of Elections 156 N Coventry W-2,Democratic,Local,1,4,
Judge of Elections,REP Judge of Elections 156 N Coventry W-2,Republican,Local,1,4,
Judge of Elections,DEM Judge of Elections 160 E Coventry 1,Democratic,Local,1,4,
"CHESTER COUNTY, PENNSYLVANIA
UNOFFICIAL LIST OF OFFICES
MAY 20, 2025 Municipal Primary",,,,,,
Contest Title,Contest Long Name,Party,District Type,Vote For,Term Number,Notes
Judge of Elections,REP Judge of Elections 160 E Coventry 1,Republican,Local,1,4,
Judge of Elections,DEM Judge of Elections 165 E Coventry 2,Democratic,Local,1,4,
Judge of Elections,REP Judge of Elections 165 E Coventry 2,Republican,Local,1,4,
Judge of Elections,DEM Judge of Elections 170 S Coventry,Democratic,Local,1,4,
Judge of Elections,REP Judge of Elections 170 S Coventry,Republican,Local,1,4,
Judge of Elections,DEM Judge of Elections 175 E Downingtown E,Democratic,Local,1,4,
Judge of Elections,REP Judge of Elections 175 E Downingtown E,Republican,Local,1,4,
Judge of Elections,DEM Judge of Elections 180 E Downingtown W,Democratic,Local,1,4,
Judge of Elections,REP Judge of Elections 180 E Downingtown W,Republican,Local,1,4,
Judge of Elections,DEM Judge of Elections 185 W Downingtown N,Democratic,Local,1,4,
Judge of Elections,REP Judge of Elections 185 W Downingtown N,Republican,Local,1,4,
Judge of Elections,DEM Judge of Elections 190 W Downingtown S,Democratic,Local,1,4,
Judge of Elections,REP Judge of Elections 190 W Downingtown S,Republican,Local,1,4,
Judge of Elections,DEM Judge of Elections 195 Easttown 1,Democratic,Local,1,4,
Judge of Elections,REP Judge of Elections 195 Easttown 1,Republican,Local,1,4,
Judge of Elections,DEM Judge of Elections 198 Easttown 2,Democratic,Local,1,4,
Judge of Elections,REP Judge of Elections 198 Easttown 2,Republican,Local,1,4,
Judge of Elections,DEM Judge of Elections 201 Easttown 3,Democratic,Local,1,4,
Judge of Elections,REP Judge of Elections 201 Easttown 3,Republican,Local,1,4,
Judge of Elections,DEM Judge of Elections 204 Easttown 4,Democratic,Local,1,4,
Judge of Elections,REP Judge of Elections 204 Easttown 4,Republican,Local,1,4,
Judge of Elections,DEM Judge of Elections 207 Easttown 5,Democratic,Local,1,4,
Judge of Elections,REP Judge of Elections 207 Easttown 5,Republican,Local,1,4,
Judge of Elections,DEM Judge of Elections 210 Easttown 6,Democratic,Local,1,4,
Judge of Elections,REP Judge of Elections 210 Easttown 6,Republican,Local,1,4,
Judge of Elections,DEM Judge of Elections 213 Easttown 7,Democratic,Local,1,4,
Judge of Elections,REP Judge of Elections 213 Easttown 7,Republican,Local,1,4,
Judge of Elections,DEM Judge of Elections 215 Elk,Democratic,Local,1,4,
Judge of Elections,REP Judge of Elections 215 Elk,Republican,Local,1,4,
Judge of Elections,DEM Judge of Elections 220 Elverson,Democratic,Local,1,4,
Judge of Elections,REP Judge of Elections 220 Elverson,Republican,Local,1,4,
Judge of Elections,DEM Judge of Elections 225 E Fallowfield E,Democratic,Local,1,4,
Judge of Elections,REP Judge of Elections 225 E Fallowfield E,Republican,Local,1,4,
Judge of Elections,DEM Judge of Elections 230 E Fallowfield W,Democratic,Local,1,4,
Judge of Elections,REP Judge of Elections 230 E Fallowfield W,Republican,Local,1,4,
Judge of Elections,DEM Judge of Elections 235 W Fallowfield,Democratic,Local,1,4,
Judge of Elections,REP Judge of Elections 235 W Fallowfield,Republican,Local,1,4,
Judge of Elections,DEM Judge of Elections 240 Franklin,Democratic,Local,1,4,
Judge of Elections,REP Judge of Elections 240 Franklin,Republican,Local,1,4,
Judge of Elections,DEM Judge of Elections 243 E Goshen 1,Democratic,Local,1,4,
Judge of Elections,REP Judge of Elections 243 E Goshen 1,Republican,Local,1,4,
Judge of Elections,DEM Judge of Elections 244 E Goshen 2,Democratic,Local,1,4,
Judge of Elections,REP Judge of Elections 244 E Goshen 2,Republican,Local,1,4,
Judge of Elections,DEM Judge of Elections 245 E Goshen 3,Democratic,Local,1,4,
Judge of Elections,REP Judge of Elections 245 E Goshen 3,Republican,Local,1,4,
Judge of Elections,DEM Judge of Elections 246 E Goshen 4,Democratic,Local,1,4,
Judge of Elections,REP Judge of Elections 246 E Goshen 4,Republican,Local,1,4,
Judge of Elections,DEM Judge of Elections 247 E Goshen 5,Democratic,Local,1,4,
Judge of Elections,REP Judge of Elections 247 E Goshen 5,Republican,Local,1,4,
Judge of Elections,DEM Judge of Elections 248 E Goshen 6,Democratic,Local,1,4,
Judge of Elections,REP Judge of Elections 248 E Goshen 6,Republican,Local,1,4,
"CHESTER COUNTY, PENNSYLVANIA
UNOFFICIAL LIST OF OFFICES
MAY 20, 2025 Municipal Primary",,,,,,
Contest Title,Contest Long Name,Party,District Type,Vote For,Term Number,Notes
Judge of Elections,DEM Judge of Elections 249 E Goshen 7,Democratic,Local,1,4,
Judge of Elections,REP Judge of Elections 249 E Goshen 7,Republican,Local,1,4,
Judge of Elections,DEM Judge of Elections 250 E Goshen 8,Democratic,Local,1,4,
Judge of Elections,REP Judge of Elections 250 E Goshen 8,Republican,Local,1,4,
Judge of Elections,DEM Judge of Elections 251 E Goshen 9,Democratic,Local,1,4,
Judge of Elections,REP Judge of Elections 251 E Goshen 9,Republican,Local,1,4,
Judge of Elections,DEM Judge of Elections 255 W Goshen N-1,Democratic,Local,1,4,
Judge of Elections,REP Judge of Elections 255 W Goshen N-1,Republican,Local,1,4,
Judge of Elections,DEM Judge of Elections 260 W Goshen N-2,Democratic,Local,1,4,
Judge of Elections,REP Judge of Elections 260 W Goshen N-2,Republican,Local,1,4,
Judge of Elections,DEM Judge of Elections 261 W Goshen N-3,Democratic,Local,1,4,
Judge of Elections,REP Judge of Elections 261 W Goshen N-3,Republican,Local,1,4,
Judge of Elections,DEM Judge of Elections 262 W Goshen N-4,Democratic,Local,1,4,
Judge of Elections,REP Judge of Elections 262 W Goshen N-4,Republican,Local,1,4,
Judge of Elections,DEM Judge of Elections 265 W Goshen M-1,Democratic,Local,1,4,
Judge of Elections,REP Judge of Elections 265 W Goshen M-1,Republican,Local,1,4,
Judge of Elections,DEM Judge of Elections 270 W Goshen M-2,Democratic,Local,1,4,
Judge of Elections,REP Judge of Elections 270 W Goshen M-2,Republican,Local,1,4,
Judge of Elections,DEM Judge of Elections 275 W Goshen S-1,Democratic,Local,1,4,
Judge of Elections,REP Judge of Elections 275 W Goshen S-1,Republican,Local,1,4,
Judge of Elections,DEM Judge of Elections 280 W Goshen S-2,Democratic,Local,1,4,
Judge of Elections,REP Judge of Elections 280 W Goshen S-2,Republican,Local,1,4,
Judge of Elections,DEM Judge of Elections 285 W Goshen S-3,Democratic,Local,1,4,
Judge of Elections,REP Judge of Elections 285 W Goshen S-3,Republican,Local,1,4,
Judge of Elections,DEM Judge of Elections 286 W Goshen S-4,Democratic,Local,1,4,
Judge of Elections,REP Judge of Elections 286 W Goshen S-4,Republican,Local,1,4,
Judge of Elections,DEM Judge of Elections 290 Highland,Democratic,Local,1,4,
Judge of Elections,REP Judge of Elections 290 Highland,Republican,Local,1,4,
Judge of Elections,DEM Judge of Elections 295 Honey Brook Borough,Democratic,Local,1,4,
Judge of Elections,REP Judge of Elections 295 Honey Brook Borough,Republican,Local,1,4,
Judge of Elections,DEM Judge of Elections 300 Honey Brook Township 1,Democratic,Local,1,4,
Judge of Elections,REP Judge of Elections 300 Honey Brook Township 1,Republican,Local,1,4,
Judge of Elections,DEM Judge of Elections 301 Honey Brook Township 2,Democratic,Local,1,4,
Judge of Elections,REP Judge of Elections 301 Honey Brook Township 2,Republican,Local,1,4,
Judge of Elections,DEM Judge of Elections 305 Kennett Square N,Democratic,Local,1,4,
Judge of Elections,REP Judge of Elections 305 Kennett Square N,Republican,Local,1,4,
Judge of Elections,DEM Judge of Elections 310 Kennett Square S-1,Democratic,Local,1,4,
Judge of Elections,REP Judge of Elections 310 Kennett Square S-1,Republican,Local,1,4,
Judge of Elections,DEM Judge of Elections 315 Kennett Square S-2,Democratic,Local,1,4,
Judge of Elections,REP Judge of Elections 315 Kennett Square S-2,Republican,Local,1,4,
Judge of Elections,DEM Judge of Elections 320 Kennett Township 1,Democratic,Local,1,4,
Judge of Elections,REP Judge of Elections 320 Kennett Township 1,Republican,Local,1,4,
Judge of Elections,DEM Judge of Elections 325 Kennett Township 2,Democratic,Local,1,4,
Judge of Elections,REP Judge of Elections 325 Kennett Township 2,Republican,Local,1,4,
Judge of Elections,DEM Judge of Elections 328 Kennett Township 3,Democratic,Local,1,4,
Judge of Elections,REP Judge of Elections 328 Kennett Township 3,Republican,Local,1,4,
Judge of Elections,DEM Judge of Elections 329 Kennett Township 4,Democratic,Local,1,4,
Judge of Elections,REP Judge of Elections 329 Kennett Township 4,Republican,Local,1,4,
Judge of Elections,DEM Judge of Elections 330 London Britain,Democratic,Local,1,4,
Judge of Elections,REP Judge of Elections 330 London Britain,Republican,Local,1,4,
Judge of Elections,DEM Judge of Elections 335 Londonderry,Democratic,Local,1,4,
"CHESTER COUNTY, PENNSYLVANIA
UNOFFICIAL LIST OF OFFICES
MAY 20, 2025 Municipal Primary",,,,,,
Contest Title,Contest Long Name,Party,District Type,Vote For,Term Number,Notes
Judge of Elections,REP Judge of Elections 335 Londonderry,Republican,Local,1,4,
Judge of Elections,DEM Judge of Elections 340 London Grove Ch,Democratic,Local,1,4,
Judge of Elections,REP Judge of Elections 340 London Grove Ch,Republican,Local,1,4,
Judge of Elections,DEM Judge of Elections 345 London Grove S,Democratic,Local,1,4,
Judge of Elections,REP Judge of Elections 345 London Grove S,Republican,Local,1,4,
Judge of Elections,DEM Judge of Elections 350 Malvern,Democratic,Local,1,4,
Judge of Elections,REP Judge of Elections 350 Malvern,Republican,Local,1,4,
Judge of Elections,DEM Judge of Elections 355 E Marlborough E,Democratic,Local,1,4,
Judge of Elections,REP Judge of Elections 355 E Marlborough E,Republican,Local,1,4,
Judge of Elections,DEM Judge of Elections 356 E Marlborough S,Democratic,Local,1,4,
Judge of Elections,REP Judge of Elections 356 E Marlborough S,Republican,Local,1,4,
Judge of Elections,DEM Judge of Elections 360 E Marlborough W,Democratic,Local,1,4,
Judge of Elections,REP Judge of Elections 360 E Marlborough W,Republican,Local,1,4,
Judge of Elections,DEM Judge of Elections 365 W Marlborough,Democratic,Local,1,4,
Judge of Elections,REP Judge of Elections 365 W Marlborough,Republican,Local,1,4,
Judge of Elections,DEM Judge of Elections 370 Modena,Democratic,Local,1,4,
Judge of Elections,REP Judge of Elections 370 Modena,Republican,Local,1,4,
Judge of Elections,DEM Judge of Elections 375 E Nantmeal,Democratic,Local,1,4,
Judge of Elections,REP Judge of Elections 375 E Nantmeal,Republican,Local,1,4,
Judge of Elections,DEM Judge of Elections 380 W Nantmeal,Democratic,Local,1,4,
Judge of Elections,REP Judge of Elections 380 W Nantmeal,Republican,Local,1,4,
Judge of Elections,DEM Judge of Elections 385 New Garden N,Democratic,Local,1,4,
Judge of Elections,REP Judge of Elections 385 New Garden N,Republican,Local,1,4,
Judge of Elections,DEM Judge of Elections 390 New Garden S-1,Democratic,Local,1,4,
Judge of Elections,REP Judge of Elections 390 New Garden S-1,Republican,Local,1,4,
Judge of Elections,DEM Judge of Elections 391 New Garden S-2,Democratic,Local,1,4,
Judge of Elections,REP Judge of Elections 391 New Garden S-2,Republican,Local,1,4,
Judge of Elections,DEM Judge of Elections 395 New London,Democratic,Local,1,4,
Judge of Elections,REP Judge of Elections 395 New London,Republican,Local,1,4,
Judge of Elections,DEM Judge of Elections 400 Newlin,Democratic,Local,1,4,
Judge of Elections,REP Judge of Elections 400 Newlin,Republican,Local,1,4,
Judge of Elections,DEM Judge of Elections 405 E Nottingham E,Democratic,Local,1,4,
Judge of Elections,REP Judge of Elections 405 E Nottingham E,Republican,Local,1,4,
Judge of Elections,DEM Judge of Elections 406 E Nottingham W,Democratic,Local,1,4,
Judge of Elections,REP Judge of Elections 406 E Nottingham W,Republican,Local,1,4,
Judge of Elections,DEM Judge of Elections 410 W Nottingham,Democratic,Local,1,4,
Judge of Elections,REP Judge of Elections 410 W Nottingham,Republican,Local,1,4,
Judge of Elections,DEM Judge of Elections 415 Oxford E,Democratic,Local,1,4,
Judge of Elections,REP Judge of Elections 415 Oxford E,Republican,Local,1,4,
Judge of Elections,DEM Judge of Elections 420 Oxford W,Democratic,Local,1,4,
Judge of Elections,REP Judge of Elections 420 Oxford W,Republican,Local,1,4,
Judge of Elections,DEM Judge of Elections 425 Lower Oxford E,Democratic,Local,1,4,
Judge of Elections,REP Judge of Elections 425 Lower Oxford E,Republican,Local,1,4,
Judge of Elections,DEM Judge of Elections 430 Lower Oxford W,Democratic,Local,1,4,
Judge of Elections,REP Judge of Elections 430 Lower Oxford W,Republican,Local,1,4,
Judge of Elections,DEM Judge of Elections 435 Upper Oxford,Democratic,Local,1,4,
Judge of Elections,REP Judge of Elections 435 Upper Oxford,Republican,Local,1,4,
Judge of Elections,DEM Judge of Elections 440 Parkesburg N,Democratic,Local,1,4,
Judge of Elections,REP Judge of Elections 440 Parkesburg N,Republican,Local,1,4,
Judge of Elections,DEM Judge of Elections 445 Parkesburg S,Democratic,Local,1,4,
Judge of Elections,REP Judge of Elections 445 Parkesburg S,Republican,Local,1,4,
"CHESTER COUNTY, PENNSYLVANIA
UNOFFICIAL LIST OF OFFICES
MAY 20, 2025 Municipal Primary",,,,,,
Contest Title,Contest Long Name,Party,District Type,Vote For,Term Number,Notes
Judge of Elections,DEM Judge of Elections 450 Penn,Democratic,Local,1,4,
Judge of Elections,REP Judge of Elections 450 Penn,Republican,Local,1,4,
Judge of Elections,DEM Judge of Elections 453 Pennsbury N-1,Democratic,Local,1,4,
Judge of Elections,REP Judge of Elections 453 Pennsbury N-1,Republican,Local,1,4,
Judge of Elections,DEM Judge of Elections 454 Pennsbury N-2,Democratic,Local,1,4,
Judge of Elections,REP Judge of Elections 454 Pennsbury N-2,Republican,Local,1,4,
Judge of Elections,DEM Judge of Elections 456 Pennsbury S-1,Democratic,Local,1,4,
Judge of Elections,REP Judge of Elections 456 Pennsbury S-1,Republican,Local,1,4,
Judge of Elections,DEM Judge of Elections 457 Pennsbury S-2,Democratic,Local,1,4,
Judge of Elections,REP Judge of Elections 457 Pennsbury S-2,Republican,Local,1,4,
Judge of Elections,DEM Judge of Elections 461 Phoenixville N-1,Democratic,Local,1,4,
Judge of Elections,REP Judge of Elections 461 Phoenixville N-1,Republican,Local,1,4,
Judge of Elections,DEM Judge of Elections 462 Phoenixville N-2,Democratic,Local,1,4,
Judge of Elections,REP Judge of Elections 462 Phoenixville N-2,Republican,Local,1,4,
Judge of Elections,DEM Judge of Elections 463 Phoenixville N-3,Democratic,Local,1,4,
Judge of Elections,REP Judge of Elections 463 Phoenixville N-3,Republican,Local,1,4,
Judge of Elections,DEM Judge of Elections 467 Phoenixville M-1,Democratic,Local,1,4,
Judge of Elections,REP Judge of Elections 467 Phoenixville M-1,Republican,Local,1,4,
Judge of Elections,DEM Judge of Elections 468 Phoenixville M-2,Democratic,Local,1,4,
Judge of Elections,REP Judge of Elections 468 Phoenixville M-2,Republican,Local,1,4,
Judge of Elections,DEM Judge of Elections 469 Phoenixville M-3,Democratic,Local,1,4,
Judge of Elections,REP Judge of Elections 469 Phoenixville M-3,Republican,Local,1,4,
Judge of Elections,DEM Judge of Elections 472 Phoenixville E-1,Democratic,Local,1,4,
Judge of Elections,REP Judge of Elections 472 Phoenixville E-1,Republican,Local,1,4,
Judge of Elections,DEM Judge of Elections 473 Phoenixville E-2,Democratic,Local,1,4,
Judge of Elections,REP Judge of Elections 473 Phoenixville E-2,Republican,Local,1,4,
Judge of Elections,DEM Judge of Elections 474 Phoenixville E-3,Democratic,Local,1,4,
Judge of Elections,REP Judge of Elections 474 Phoenixville E-3,Republican,Local,1,4,
Judge of Elections,DEM Judge of Elections 477 Phoenixville W-1,Democratic,Local,1,4,
Judge of Elections,REP Judge of Elections 477 Phoenixville W-1,Republican,Local,1,4,
Judge of Elections,DEM Judge of Elections 478 Phoenixville W-2,Democratic,Local,1,4,
Judge of Elections,REP Judge of Elections 478 Phoenixville W-2,Republican,Local,1,4,
Judge of Elections,DEM Judge of Elections 479 Phoenixville W-3,Democratic,Local,1,4,
Judge of Elections,REP Judge of Elections 479 Phoenixville W-3,Republican,Local,1,4,
Judge of Elections,DEM Judge of Elections 515 E Pikeland 1,Democratic,Local,1,4,
Judge of Elections,REP Judge of Elections 515 E Pikeland 1,Republican,Local,1,4,
Judge of Elections,DEM Judge of Elections 520 E Pikeland 2,Democratic,Local,1,4,
Judge of Elections,REP Judge of Elections 520 E Pikeland 2,Republican,Local,1,4,
Judge of Elections,DEM Judge of Elections 521 E Pikeland 3,Democratic,Local,1,4,
Judge of Elections,REP Judge of Elections 521 E Pikeland 3,Republican,Local,1,4,
Judge of Elections,DEM Judge of Elections 525 W Pikeland,Democratic,Local,1,4,
Judge of Elections,REP Judge of Elections 525 W Pikeland,Republican,Local,1,4,
Judge of Elections,DEM Judge of Elections 530 Pocopson,Democratic,Local,1,4,
Judge of Elections,REP Judge of Elections 530 Pocopson,Republican,Local,1,4,
Judge of Elections,DEM Judge of Elections 535 Sadsbury N,Democratic,Local,1,4,
Judge of Elections,REP Judge of Elections 535 Sadsbury N,Republican,Local,1,4,
Judge of Elections,DEM Judge of Elections 540 Sadsbury S,Democratic,Local,1,4,
Judge of Elections,REP Judge of Elections 540 Sadsbury S,Republican,Local,1,4,
Judge of Elections,DEM Judge of Elections 545 W Sadsbury,Democratic,Local,1,4,
Judge of Elections,REP Judge of Elections 545 W Sadsbury,Republican,Local,1,4,
Judge of Elections,DEM Judge of Elections 550 Schuylkill 1,Democratic,Local,1,4,
"CHESTER COUNTY, PENNSYLVANIA
UNOFFICIAL LIST OF OFFICES
MAY 20, 2025 Municipal Primary",,,,,,
Contest Title,Contest Long Name,Party,District Type,Vote For,Term Number,Notes
Judge of Elections,REP Judge of Elections 550 Schuylkill 1,Republican,Local,1,4,
Judge of Elections,DEM Judge of Elections 555 Schuylkill 2,Democratic,Local,1,4,
Judge of Elections,REP Judge of Elections 555 Schuylkill 2,Republican,Local,1,4,
Judge of Elections,DEM Judge of Elections 556 Schuylkill 3,Democratic,Local,1,4,
Judge of Elections,REP Judge of Elections 556 Schuylkill 3,Republican,Local,1,4,
Judge of Elections,DEM Judge of Elections 558 Schuylkill 4,Democratic,Local,1,4,
Judge of Elections,REP Judge of Elections 558 Schuylkill 4,Republican,Local,1,4,
Judge of Elections,DEM Judge of Elections 560 Spring City 1,Democratic,Local,1,4,
Judge of Elections,REP Judge of Elections 560 Spring City 1,Republican,Local,1,4,
Judge of Elections,DEM Judge of Elections 565 Spring City 2,Democratic,Local,1,4,
Judge of Elections,REP Judge of Elections 565 Spring City 2,Republican,Local,1,4,
Judge of Elections,DEM Judge of Elections 570 Spring City 3,Democratic,Local,1,4,
Judge of Elections,REP Judge of Elections 570 Spring City 3,Republican,Local,1,4,
Judge of Elections,DEM Judge of Elections 575 Spring City 4,Democratic,Local,1,4,
Judge of Elections,REP Judge of Elections 575 Spring City 4,Republican,Local,1,4,
Judge of Elections,DEM Judge of Elections 580 Thornbury 1,Democratic,Local,1,4,
Judge of Elections,REP Judge of Elections 580 Thornbury 1,Republican,Local,1,4,
Judge of Elections,DEM Judge of Elections 581 Thornbury 2,Democratic,Local,1,4,
Judge of Elections,REP Judge of Elections 581 Thornbury 2,Republican,Local,1,4,
Judge of Elections,DEM Judge of Elections 585 Tredyffrin E-1,Democratic,Local,1,4,
Judge of Elections,REP Judge of Elections 585 Tredyffrin E-1,Republican,Local,1,4,
Judge of Elections,DEM Judge of Elections 590 Tredyffrin E-2,Democratic,Local,1,4,
Judge of Elections,REP Judge of Elections 590 Tredyffrin E-2,Republican,Local,1,4,
Judge of Elections,DEM Judge of Elections 595 Tredyffrin E-3,Democratic,Local,1,4,
Judge of Elections,REP Judge of Elections 595 Tredyffrin E-3,Republican,Local,1,4,
Judge of Elections,DEM Judge of Elections 600 Tredyffrin E-4,Democratic,Local,1,4,
Judge of Elections,REP Judge of Elections 600 Tredyffrin E-4,Republican,Local,1,4,
Judge of Elections,DEM Judge of Elections 605 Tredyffrin E-5,Democratic,Local,1,4,
Judge of Elections,REP Judge of Elections 605 Tredyffrin E-5,Republican,Local,1,4,
Judge of Elections,DEM Judge of Elections 614 Tredyffrin M-1,Democratic,Local,1,4,
Judge of Elections,REP Judge of Elections 614 Tredyffrin M-1,Republican,Local,1,4,
Judge of Elections,DEM Judge of Elections 615 Tredyffrin M-2,Democratic,Local,1,4,
Judge of Elections,REP Judge of Elections 615 Tredyffrin M-2,Republican,Local,1,4,
Judge of Elections,DEM Judge of Elections 616 Tredyffrin M-3,Democratic,Local,1,4,
Judge of Elections,REP Judge of Elections 616 Tredyffrin M-3,Republican,Local,1,4,
Judge of Elections,DEM Judge of Elections 617 Tredyffrin M-4,Democratic,Local,1,4,
Judge of Elections,REP Judge of Elections 617 Tredyffrin M-4,Republican,Local,1,4,
Judge of Elections,DEM Judge of Elections 618 Tredyffrin M-5,Democratic,Local,1,4,
Judge of Elections,REP Judge of Elections 618 Tredyffrin M-5,Republican,Local,1,4,
Judge of Elections,DEM Judge of Elections 619 Tredyffrin M-6,Democratic,Local,1,4,
Judge of Elections,REP Judge of Elections 619 Tredyffrin M-6,Republican,Local,1,4,
Judge of Elections,DEM Judge of Elections 620 Tredyffrin M-7,Democratic,Local,1,4,
Judge of Elections,REP Judge of Elections 620 Tredyffrin M-7,Republican,Local,1,4,
Judge of Elections,DEM Judge of Elections 630 Tredyffrin W-1,Democratic,Local,1,4,
Judge of Elections,REP Judge of Elections 630 Tredyffrin W-1,Republican,Local,1,4,
Judge of Elections,DEM Judge of Elections 635 Tredyffrin W-2,Democratic,Local,1,4,
Judge of Elections,REP Judge of Elections 635 Tredyffrin W-2,Republican,Local,1,4,
Judge of Elections,DEM Judge of Elections 640 Tredyffrin W-3,Democratic,Local,1,4,
Judge of Elections,REP Judge of Elections 640 Tredyffrin W-3,Republican,Local,1,4,
Judge of Elections,DEM Judge of Elections 645 Tredyffrin W-4,Democratic,Local,1,4,
Judge of Elections,REP Judge of Elections 645 Tredyffrin W-4,Republican,Local,1,4,
"CHESTER COUNTY, PENNSYLVANIA
UNOFFICIAL LIST OF OFFICES
MAY 20, 2025 Municipal Primary",,,,,,
Contest Title,Contest Long Name,Party,District Type,Vote For,Term Number,Notes
Judge of Elections,DEM Judge of Elections 647 Tredyffrin W-5,Democratic,Local,1,4,
Judge of Elections,REP Judge of Elections 647 Tredyffrin W-5,Republican,Local,1,4,
Judge of Elections,DEM Judge of Elections 653 Uwchlan 1,Democratic,Local,1,4,
Judge of Elections,REP Judge of Elections 653 Uwchlan 1,Republican,Local,1,4,
Judge of Elections,DEM Judge of Elections 654 Uwchlan 2,Democratic,Local,1,4,
Judge of Elections,REP Judge of Elections 654 Uwchlan 2,Republican,Local,1,4,
Judge of Elections,DEM Judge of Elections 655 Uwchlan 3,Democratic,Local,1,4,
Judge of Elections,REP Judge of Elections 655 Uwchlan 3,Republican,Local,1,4,
Judge of Elections,DEM Judge of Elections 656 Uwchlan 4,Democratic,Local,1,4,
Judge of Elections,REP Judge of Elections 656 Uwchlan 4,Republican,Local,1,4,
Judge of Elections,DEM Judge of Elections 657 Uwchlan 5,Democratic,Local,1,4,
Judge of Elections,REP Judge of Elections 657 Uwchlan 5,Republican,Local,1,4,
Judge of Elections,DEM Judge of Elections 658 Uwchlan 6,Democratic,Local,1,4,
Judge of Elections,REP Judge of Elections 658 Uwchlan 6,Republican,Local,1,4,
Judge of Elections,DEM Judge of Elections 659 Uwchlan 7,Democratic,Local,1,4,
Judge of Elections,REP Judge of Elections 659 Uwchlan 7,Republican,Local,1,4,
Judge of Elections,DEM Judge of Elections 660 Uwchlan 8,Democratic,Local,1,4,
Judge of Elections,REP Judge of Elections 660 Uwchlan 8,Republican,Local,1,4,
Judge of Elections,DEM Judge of Elections 661 Uwchlan 9,Democratic,Local,1,4,
Judge of Elections,REP Judge of Elections 661 Uwchlan 9,Republican,Local,1,4,
Judge of Elections,DEM Judge of Elections 665 Upper Uwchlan 1,Democratic,Local,1,4,
Judge of Elections,REP Judge of Elections 665 Upper Uwchlan 1,Republican,Local,1,4,
Judge of Elections,DEM Judge of Elections 666 Upper Uwchlan 2,Democratic,Local,1,4,
Judge of Elections,REP Judge of Elections 666 Upper Uwchlan 2,Republican,Local,1,4,
Judge of Elections,DEM Judge of Elections 667 Upper Uwchlan 3,Democratic,Local,1,4,
Judge of Elections,REP Judge of Elections 667 Upper Uwchlan 3,Republican,Local,1,4,
Judge of Elections,DEM Judge of Elections 670 Valley N-1,Democratic,Local,1,4,
Judge of Elections,REP Judge of Elections 670 Valley N-1,Republican,Local,1,4,
Judge of Elections,DEM Judge of Elections 671 Valley N-2,Democratic,Local,1,4,
Judge of Elections,REP Judge of Elections 671 Valley N-2,Republican,Local,1,4,
Judge of Elections,DEM Judge of Elections 672 Valley N-3,Democratic,Local,1,4,
Judge of Elections,REP Judge of Elections 672 Valley N-3,Republican,Local,1,4,
Judge of Elections,DEM Judge of Elections 675 Valley S,Democratic,Local,1,4,
Judge of Elections,REP Judge of Elections 675 Valley S,Republican,Local,1,4,
Judge of Elections,DEM Judge of Elections 680 E Vincent 1,Democratic,Local,1,4,
Judge of Elections,REP Judge of Elections 680 E Vincent 1,Republican,Local,1,4,
Judge of Elections,DEM Judge of Elections 681 E Vincent 2,Democratic,Local,1,4,
Judge of Elections,REP Judge of Elections 681 E Vincent 2,Republican,Local,1,4,
Judge of Elections,DEM Judge of Elections 682 E Vincent 3,Democratic,Local,1,4,
Judge of Elections,REP Judge of Elections 682 E Vincent 3,Republican,Local,1,4,
Judge of Elections,DEM Judge of Elections 683 E Vincent 4,Democratic,Local,1,4,
Judge of Elections,REP Judge of Elections 683 E Vincent 4,Republican,Local,1,4,
Judge of Elections,DEM Judge of Elections 690 W Vincent 1,Democratic,Local,1,4,
Judge of Elections,REP Judge of Elections 690 W Vincent 1,Republican,Local,1,4,
Judge of Elections,DEM Judge of Elections 693 W Vincent 2,Democratic,Local,1,4,
Judge of Elections,REP Judge of Elections 693 W Vincent 2,Republican,Local,1,4,
Judge of Elections,DEM Judge of Elections 695 Wallace,Democratic,Local,1,4,
Judge of Elections,REP Judge of Elections 695 Wallace,Republican,Local,1,4,
Judge of Elections,DEM Judge of Elections 700 Warwick E,Democratic,Local,1,4,
Judge of Elections,REP Judge of Elections 700 Warwick E,Republican,Local,1,4,
Judge of Elections,DEM Judge of Elections 705 Warwick W,Democratic,Local,1,4,
"CHESTER COUNTY, PENNSYLVANIA
UNOFFICIAL LIST OF OFFICES
MAY 20, 2025 Municipal Primary",,,,,,
Contest Title,Contest Long Name,Party,District Type,Vote For,Term Number,Notes
Judge of Elections,REP Judge of Elections 705 Warwick W,Republican,Local,1,4,
Judge of Elections,DEM Judge of Elections 710 West Grove 1,Democratic,Local,1,4,
Judge of Elections,REP Judge of Elections 710 West Grove 1,Republican,Local,1,4,
Judge of Elections,DEM Judge of Elections 715 West Grove 2,Democratic,Local,1,4,
Judge of Elections,REP Judge of Elections 715 West Grove 2,Republican,Local,1,4,
Judge of Elections,DEM Judge of Elections 720 Westtown 1,Democratic,Local,1,4,
Judge of Elections,REP Judge of Elections 720 Westtown 1,Republican,Local,1,4,
Judge of Elections,DEM Judge of Elections 725 Westtown 2,Democratic,Local,1,4,
Judge of Elections,REP Judge of Elections 725 Westtown 2,Republican,Local,1,4,
Judge of Elections,DEM Judge of Elections 730 Westtown 3,Democratic,Local,1,4,
Judge of Elections,REP Judge of Elections 730 Westtown 3,Republican,Local,1,4,
Judge of Elections,DEM Judge of Elections 733 Westtown 4,Democratic,Local,1,4,
Judge of Elections,REP Judge of Elections 733 Westtown 4,Republican,Local,1,4,
Judge of Elections,DEM Judge of Elections 734 Westtown 5,Democratic,Local,1,4,
Judge of Elections,REP Judge of Elections 734 Westtown 5,Republican,Local,1,4,
Judge of Elections,DEM Judge of Elections 735 E Whiteland 1,Democratic,Local,1,4,
Judge of Elections,REP Judge of Elections 735 E Whiteland 1,Republican,Local,1,4,
Judge of Elections,DEM Judge of Elections 740 E Whiteland 2,Democratic,Local,1,4,
Judge of Elections,REP Judge of Elections 740 E Whiteland 2,Republican,Local,1,4,
Judge of Elections,DEM Judge of Elections 745 E Whiteland 3,Democratic,Local,1,4,
Judge of Elections,REP Judge of Elections 745 E Whiteland 3,Republican,Local,1,4,
Judge of Elections,DEM Judge of Elections 750 E Whiteland 4,Democratic,Local,1,4,
Judge of Elections,REP Judge of Elections 750 E Whiteland 4,Republican,Local,1,4,
Judge of Elections,DEM Judge of Elections 752 E Whiteland 5,Democratic,Local,1,4,
Judge of Elections,REP Judge of Elections 752 E Whiteland 5,Republican,Local,1,4,
Judge of Elections,DEM Judge of Elections 754 E Whiteland 6,Democratic,Local,1,4,
Judge of Elections,REP Judge of Elections 754 E Whiteland 6,Republican,Local,1,4,
Judge of Elections,DEM Judge of Elections 759 W Whiteland 1,Democratic,Local,1,4,
Judge of Elections,REP Judge of Elections 759 W Whiteland 1,Republican,Local,1,4,
Judge of Elections,DEM Judge of Elections 760 W Whiteland 2,Democratic,Local,1,4,
Judge of Elections,REP Judge of Elections 760 W Whiteland 2,Republican,Local,1,4,
Judge of Elections,DEM Judge of Elections 761 W Whiteland 3,Democratic,Local,1,4,
Judge of Elections,REP Judge of Elections 761 W Whiteland 3,Republican,Local,1,4,
Judge of Elections,DEM Judge of Elections 762 W Whiteland 4,Democratic,Local,1,4,
Judge of Elections,REP Judge of Elections 762 W Whiteland 4,Republican,Local,1,4,
Judge of Elections,DEM Judge of Elections 763 W Whiteland 5,Democratic,Local,1,4,
Judge of Elections,REP Judge of Elections 763 W Whiteland 5,Republican,Local,1,4,
Judge of Elections,DEM Judge of Elections 764 W Whiteland 6,Democratic,Local,1,4,
Judge of Elections,REP Judge of Elections 764 W Whiteland 6,Republican,Local,1,4,
Judge of Elections,DEM Judge of Elections 765 W Whiteland 7,Democratic,Local,1,4,
Judge of Elections,REP Judge of Elections 765 W Whiteland 7,Republican,Local,1,4,
Judge of Elections,DEM Judge of Elections 770 Willistown N-1,Democratic,Local,1,4,
Judge of Elections,REP Judge of Elections 770 Willistown N-1,Republican,Local,1,4,
Judge of Elections,DEM Judge of Elections 775 Willistown N-2,Democratic,Local,1,4,
Judge of Elections,REP Judge of Elections 775 Willistown N-2,Republican,Local,1,4,
Judge of Elections,DEM Judge of Elections 780 Willistown N-3,Democratic,Local,1,4,
Judge of Elections,REP Judge of Elections 780 Willistown N-3,Republican,Local,1,4,
Judge of Elections,DEM Judge of Elections 785 Willistown N-4,Democratic,Local,1,4,
Judge of Elections,REP Judge of Elections 785 Willistown N-4,Republican,Local,1,4,
Judge of Elections,DEM Judge of Elections 790 Willistown N-5,Democratic,Local,1,4,
Judge of Elections,REP Judge of Elections 790 Willistown N-5,Republican,Local,1,4,
"CHESTER COUNTY, PENNSYLVANIA
UNOFFICIAL LIST OF OFFICES
MAY 20, 2025 Municipal Primary",,,,,,
Contest Title,Contest Long Name,Party,District Type,Vote For,Term Number,Notes
Judge of Elections,DEM Judge of Elections 795 Willistown N-6,Democratic,Local,1,4,
Judge of Elections,REP Judge of Elections 795 Willistown N-6,Republican,Local,1,4,
Judge of Elections,DEM Judge of Elections 800 Willistown S-1,Democratic,Local,1,4,
Judge of Elections,REP Judge of Elections 800 Willistown S-1,Republican,Local,1,4,
Judge of Elections,DEM Judge of Elections 805 Willistown S-2,Democratic,Local,1,4,
Judge of Elections,REP Judge of Elections 805 Willistown S-2,Republican,Local,1,4,
Judge of Elections,DEM Judge of Elections 806 Willistown S-3,Democratic,Local,1,4,
Judge of Elections,REP Judge of Elections 806 Willistown S-3,Republican,Local,1,4,
Judge of Elections,DEM Judge of Elections 810 West Chester 1,Democratic,Local,1,4,
Judge of Elections,REP Judge of Elections 810 West Chester 1,Republican,Local,1,4,
Judge of Elections,DEM Judge of Elections 820 West Chester 2-E,Democratic,Local,1,4,
Judge of Elections,REP Judge of Elections 820 West Chester 2-E,Republican,Local,1,4,
Judge of Elections,DEM Judge of Elections 825 West Chester 2-W,Democratic,Local,1,4,
Judge of Elections,REP Judge of Elections 825 West Chester 2-W,Republican,Local,1,4,
Judge of Elections,DEM Judge of Elections 835 West Chester 3,Democratic,Local,1,4,
Judge of Elections,REP Judge of Elections 835 West Chester 3,Republican,Local,1,4,
Judge of Elections,DEM Judge of Elections 842 West Chester 4,Democratic,Local,1,4,
Judge of Elections,REP Judge of Elections 842 West Chester 4,Republican,Local,1,4,
Judge of Elections,DEM Judge of Elections 846 West Chester 5,Democratic,Local,1,4,
Judge of Elections,REP Judge of Elections 846 West Chester 5,Republican,Local,1,4,
Judge of Elections,DEM Judge of Elections 850 West Chester 6,Democratic,Local,1,4,
Judge of Elections,REP Judge of Elections 850 West Chester 6,Republican,Local,1,4,
Judge of Elections,DEM Judge of Elections 860 West Chester 7,Democratic,Local,1,4,
Judge of Elections,REP Judge of Elections 860 West Chester 7,Republican,Local,1,4,
Inspector of Elections,DEM Inspector of Elections 005 Atglen,Democratic,Local,1,4,
Inspector of Elections,REP Inspector of Elections 005 Atglen,Republican,Local,1,4,
Inspector of Elections,DEM Inspector of Elections 010 Avondale,Democratic,Local,1,4,
Inspector of Elections,REP Inspector of Elections 010 Avondale,Republican,Local,1,4,
Inspector of Elections,DEM Inspector of Elections 014 Birmingham 1,Democratic,Local,1,4,
Inspector of Elections,REP Inspector of Elections 014 Birmingham 1,Republican,Local,1,4,
Inspector of Elections,DEM Inspector of Elections 015 Birmingham 2,Democratic,Local,1,4,
Inspector of Elections,REP Inspector of Elections 015 Birmingham 2,Republican,Local,1,4,
Inspector of Elections,DEM Inspector of Elections 020 E Bradford N-1,Democratic,Local,1,4,
Inspector of Elections,REP Inspector of Elections 020 E Bradford N-1,Republican,Local,1,4,
Inspector of Elections,DEM Inspector of Elections 021 E Bradford N-2,Democratic,Local,1,4,
Inspector of Elections,REP Inspector of Elections 021 E Bradford N-2,Republican,Local,1,4,
Inspector of Elections,DEM Inspector of Elections 023 E Bradford S-1,Democratic,Local,1,4,
Inspector of Elections,REP Inspector of Elections 023 E Bradford S-1,Republican,Local,1,4,
Inspector of Elections,DEM Inspector of Elections 024 E Bradford S-2,Democratic,Local,1,4,
Inspector of Elections,REP Inspector of Elections 024 E Bradford S-2,Republican,Local,1,4,
Inspector of Elections,DEM Inspector of Elections 025 W Bradford 1,Democratic,Local,1,4,
Inspector of Elections,REP Inspector of Elections 025 W Bradford 1,Republican,Local,1,4,
Inspector of Elections,DEM Inspector of Elections 030 W Bradford 2,Democratic,Local,1,4,
Inspector of Elections,REP Inspector of Elections 030 W Bradford 2,Republican,Local,1,4,
Inspector of Elections,DEM Inspector of Elections 031 W Bradford 3,Democratic,Local,1,4,
Inspector of Elections,REP Inspector of Elections 031 W Bradford 3,Republican,Local,1,4,
Inspector of Elections,DEM Inspector of Elections 032 W Bradford 4,Democratic,Local,1,4,
Inspector of Elections,REP Inspector of Elections 032 W Bradford 4,Republican,Local,1,4,
Inspector of Elections,DEM Inspector of Elections 033 W Bradford 5,Democratic,Local,1,4,
Inspector of Elections,REP Inspector of Elections 033 W Bradford 5,Republican,Local,1,4,
Inspector of Elections,DEM Inspector of Elections 035 E Brandywine N-1,Democratic,Local,1,4,
"CHESTER COUNTY, PENNSYLVANIA
UNOFFICIAL LIST OF OFFICES
MAY 20, 2025 Municipal Primary",,,,,,
Contest Title,Contest Long Name,Party,District Type,Vote For,Term Number,Notes
Inspector of Elections,REP Inspector of Elections 035 E Brandywine N-1,Republican,Local,1,4,
Inspector of Elections,DEM Inspector of Elections 036 E Brandywine N-2,Democratic,Local,1,4,
Inspector of Elections,REP Inspector of Elections 036 E Brandywine N-2,Republican,Local,1,4,
Inspector of Elections,DEM Inspector of Elections 038 E Brandywine S,Democratic,Local,1,4,
Inspector of Elections,REP Inspector of Elections 038 E Brandywine S,Republican,Local,1,4,
Inspector of Elections,DEM Inspector of Elections 040 W Brandywine E-1,Democratic,Local,1,4,
Inspector of Elections,REP Inspector of Elections 040 W Brandywine E-1,Republican,Local,1,4,
Inspector of Elections,DEM Inspector of Elections 041 W Brandywine E-2,Democratic,Local,1,4,
Inspector of Elections,REP Inspector of Elections 041 W Brandywine E-2,Republican,Local,1,4,
Inspector of Elections,DEM Inspector of Elections 043 W Brandywine W,Democratic,Local,1,4,
Inspector of Elections,REP Inspector of Elections 043 W Brandywine W,Republican,Local,1,4,
Inspector of Elections,DEM Inspector of Elections 045 Caln 1,Democratic,Local,1,4,
Inspector of Elections,REP Inspector of Elections 045 Caln 1,Republican,Local,1,4,
Inspector of Elections,DEM Inspector of Elections 050 Caln 2,Democratic,Local,1,4,
Inspector of Elections,REP Inspector of Elections 050 Caln 2,Republican,Local,1,4,
Inspector of Elections,DEM Inspector of Elections 053 Caln 3,Democratic,Local,1,4,
Inspector of Elections,REP Inspector of Elections 053 Caln 3,Republican,Local,1,4,
Inspector of Elections,DEM Inspector of Elections 054 Caln 4,Democratic,Local,1,4,
Inspector of Elections,REP Inspector of Elections 054 Caln 4,Republican,Local,1,4,
Inspector of Elections,DEM Inspector of Elections 055 East Caln 1,Democratic,Local,1,4,
Inspector of Elections,REP Inspector of Elections 055 East Caln 1,Republican,Local,1,4,
Inspector of Elections,DEM Inspector of Elections 056 East Caln 2,Democratic,Local,1,4,
Inspector of Elections,REP Inspector of Elections 056 East Caln 2,Republican,Local,1,4,
Inspector of Elections,DEM Inspector of Elections 060 West Caln 1,Democratic,Local,1,4,
Inspector of Elections,REP Inspector of Elections 060 West Caln 1,Republican,Local,1,4,
Inspector of Elections,DEM Inspector of Elections 061 West Caln 2,Democratic,Local,1,4,
Inspector of Elections,REP Inspector of Elections 061 West Caln 2,Republican,Local,1,4,
Inspector of Elections,DEM Inspector of Elections 065 Charlestown,Democratic,Local,1,4,
Inspector of Elections,REP Inspector of Elections 065 Charlestown,Republican,Local,1,4,
Inspector of Elections,DEM Inspector of Elections 070 Coatesville 1,Democratic,Local,1,4,
Inspector of Elections,REP Inspector of Elections 070 Coatesville 1,Republican,Local,1,4,
Inspector of Elections,DEM Inspector of Elections 080 Coatesville 2,Democratic,Local,1,4,
Inspector of Elections,REP Inspector of Elections 080 Coatesville 2,Republican,Local,1,4,
Inspector of Elections,DEM Inspector of Elections 090 Coatesville 3,Democratic,Local,1,4,
Inspector of Elections,REP Inspector of Elections 090 Coatesville 3,Republican,Local,1,4,
Inspector of Elections,DEM Inspector of Elections 100 Coatesville 4-1,Democratic,Local,1,4,
Inspector of Elections,REP Inspector of Elections 100 Coatesville 4-1,Republican,Local,1,4,
Inspector of Elections,DEM Inspector of Elections 110 Coatesville 4-2,Democratic,Local,1,4,
Inspector of Elections,REP Inspector of Elections 110 Coatesville 4-2,Republican,Local,1,4,
Inspector of Elections,DEM Inspector of Elections 120 Coatesville 5,Democratic,Local,1,4,
Inspector of Elections,REP Inspector of Elections 120 Coatesville 5,Republican,Local,1,4,
Inspector of Elections,DEM Inspector of Elections 140 S Coatesville,Democratic,Local,1,4,
Inspector of Elections,REP Inspector of Elections 140 S Coatesville,Republican,Local,1,4,
Inspector of Elections,DEM Inspector of Elections 145 N Coventry E,Democratic,Local,1,4,
Inspector of Elections,REP Inspector of Elections 145 N Coventry E,Republican,Local,1,4,
Inspector of Elections,DEM Inspector of Elections 150 N Coventry M,Democratic,Local,1,4,
Inspector of Elections,REP Inspector of Elections 150 N Coventry M,Republican,Local,1,4,
Inspector of Elections,DEM Inspector of Elections 155 N Coventry W-1,Democratic,Local,1,4,
Inspector of Elections,REP Inspector of Elections 155 N Coventry W-1,Republican,Local,1,4,
Inspector of Elections,DEM Inspector of Elections 156 N Coventry W-2,Democratic,Local,1,4,
Inspector of Elections,REP Inspector of Elections 156 N Coventry W-2,Republican,Local,1,4,
"CHESTER COUNTY, PENNSYLVANIA
UNOFFICIAL LIST OF OFFICES
MAY 20, 2025 Municipal Primary",,,,,,
Contest Title,Contest Long Name,Party,District Type,Vote For,Term Number,Notes
Inspector of Elections,DEM Inspector of Elections 160 E Coventry 1,Democratic,Local,1,4,
Inspector of Elections,REP Inspector of Elections 160 E Coventry 1,Republican,Local,1,4,
Inspector of Elections,DEM Inspector of Elections 165 E Coventry 2,Democratic,Local,1,4,
Inspector of Elections,REP Inspector of Elections 165 E Coventry 2,Republican,Local,1,4,
Inspector of Elections,DEM Inspector of Elections 170 S Coventry,Democratic,Local,1,4,
Inspector of Elections,REP Inspector of Elections 170 S Coventry,Republican,Local,1,4,
Inspector of Elections,DEM Inspector of Elections 175 E Downingtown E,Democratic,Local,1,4,
Inspector of Elections,REP Inspector of Elections 175 E Downingtown E,Republican,Local,1,4,
Inspector of Elections,DEM Inspector of Elections 180 E Downingtown W,Democratic,Local,1,4,
Inspector of Elections,REP Inspector of Elections 180 E Downingtown W,Republican,Local,1,4,
Inspector of Elections,DEM Inspector of Elections 185 W Downingtown N,Democratic,Local,1,4,
Inspector of Elections,REP Inspector of Elections 185 W Downingtown N,Republican,Local,1,4,
Inspector of Elections,DEM Inspector of Elections 190 W Downingtown S,Democratic,Local,1,4,
Inspector of Elections,REP Inspector of Elections 190 W Downingtown S,Republican,Local,1,4,
Inspector of Elections,DEM Inspector of Elections 195 Easttown 1,Democratic,Local,1,4,
Inspector of Elections,REP Inspector of Elections 195 Easttown 1,Republican,Local,1,4,
Inspector of Elections,DEM Inspector of Elections 198 Easttown 2,Democratic,Local,1,4,
Inspector of Elections,REP Inspector of Elections 198 Easttown 2,Republican,Local,1,4,
Inspector of Elections,DEM Inspector of Elections 201 Easttown 3,Democratic,Local,1,4,
Inspector of Elections,REP Inspector of Elections 201 Easttown 3,Republican,Local,1,4,
Inspector of Elections,DEM Inspector of Elections 204 Easttown 4,Democratic,Local,1,4,
Inspector of Elections,REP Inspector of Elections 204 Easttown 4,Republican,Local,1,4,
Inspector of Elections,DEM Inspector of Elections 207 Easttown 5,Democratic,Local,1,4,
Inspector of Elections,REP Inspector of Elections 207 Easttown 5,Republican,Local,1,4,
Inspector of Elections,DEM Inspector of Elections 210 Easttown 6,Democratic,Local,1,4,
Inspector of Elections,REP Inspector of Elections 210 Easttown 6,Republican,Local,1,4,
Inspector of Elections,DEM Inspector of Elections 213 Easttown 7,Democratic,Local,1,4,
Inspector of Elections,REP Inspector of Elections 213 Easttown 7,Republican,Local,1,4,
Inspector of Elections,DEM Inspector of Elections 215 Elk,Democratic,Local,1,4,
Inspector of Elections,REP Inspector of Elections 215 Elk,Republican,Local,1,4,
Inspector of Elections,DEM Inspector of Elections 220 Elverson,Democratic,Local,1,4,
Inspector of Elections,REP Inspector of Elections 220 Elverson,Republican,Local,1,4,
Inspector of Elections,DEM Inspector of Elections 225 E Fallowfield E,Democratic,Local,1,4,
Inspector of Elections,REP Inspector of Elections 225 E Fallowfield E,Republican,Local,1,4,
Inspector of Elections,DEM Inspector of Elections 230 E Fallowfield W,Democratic,Local,1,4,
Inspector of Elections,REP Inspector of Elections 230 E Fallowfield W,Republican,Local,1,4,
Inspector of Elections,DEM Inspector of Elections 235 W Fallowfield,Democratic,Local,1,4,
Inspector of Elections,REP Inspector of Elections 235 W Fallowfield,Republican,Local,1,4,
Inspector of Elections,DEM Inspector of Elections 240 Franklin,Democratic,Local,1,4,
Inspector of Elections,REP Inspector of Elections 240 Franklin,Republican,Local,1,4,
Inspector of Elections,DEM Inspector of Elections 243 E Goshen 1,Democratic,Local,1,4,
Inspector of Elections,REP Inspector of Elections 243 E Goshen 1,Republican,Local,1,4,
Inspector of Elections,DEM Inspector of Elections 244 E Goshen 2,Democratic,Local,1,4,
Inspector of Elections,REP Inspector of Elections 244 E Goshen 2,Republican,Local,1,4,
Inspector of Elections,DEM Inspector of Elections 245 E Goshen 3,Democratic,Local,1,4,
Inspector of Elections,REP Inspector of Elections 245 E Goshen 3,Republican,Local,1,4,
Inspector of Elections,DEM Inspector of Elections 246 E Goshen 4,Democratic,Local,1,4,
Inspector of Elections,REP Inspector of Elections 246 E Goshen 4,Republican,Local,1,4,
Inspector of Elections,DEM Inspector of Elections 247 E Goshen 5,Democratic,Local,1,4,
Inspector of Elections,REP Inspector of Elections 247 E Goshen 5,Republican,Local,1,4,
Inspector of Elections,DEM Inspector of Elections 248 E Goshen 6,Democratic,Local,1,4,
"CHESTER COUNTY, PENNSYLVANIA
UNOFFICIAL LIST OF OFFICES
MAY 20, 2025 Municipal Primary",,,,,,
Contest Title,Contest Long Name,Party,District Type,Vote For,Term Number,Notes
Inspector of Elections,REP Inspector of Elections 248 E Goshen 6,Republican,Local,1,4,
Inspector of Elections,DEM Inspector of Elections 249 E Goshen 7,Democratic,Local,1,4,
Inspector of Elections,REP Inspector of Elections 249 E Goshen 7,Republican,Local,1,4,
Inspector of Elections,DEM Inspector of Elections 250 E Goshen 8,Democratic,Local,1,4,
Inspector of Elections,REP Inspector of Elections 250 E Goshen 8,Republican,Local,1,4,
Inspector of Elections,DEM Inspector of Elections 251 E Goshen 9,Democratic,Local,1,4,
Inspector of Elections,REP Inspector of Elections 251 E Goshen 9,Republican,Local,1,4,
Inspector of Elections,DEM Inspector of Elections 255 W Goshen N-1,Democratic,Local,1,4,
Inspector of Elections,REP Inspector of Elections 255 W Goshen N-1,Republican,Local,1,4,
Inspector of Elections,DEM Inspector of Elections 260 W Goshen N-2,Democratic,Local,1,4,
Inspector of Elections,REP Inspector of Elections 260 W Goshen N-2,Republican,Local,1,4,
Inspector of Elections,DEM Inspector of Elections 261 W Goshen N-3,Democratic,Local,1,4,
Inspector of Elections,REP Inspector of Elections 261 W Goshen N-3,Republican,Local,1,4,
Inspector of Elections,DEM Inspector of Elections 262 W Goshen N-4,Democratic,Local,1,4,
Inspector of Elections,REP Inspector of Elections 262 W Goshen N-4,Republican,Local,1,4,
Inspector of Elections,DEM Inspector of Elections 265 W Goshen M-1,Democratic,Local,1,4,
Inspector of Elections,REP Inspector of Elections 265 W Goshen M-1,Republican,Local,1,4,
Inspector of Elections,DEM Inspector of Elections 270 W Goshen M-2,Democratic,Local,1,4,
Inspector of Elections,REP Inspector of Elections 270 W Goshen M-2,Republican,Local,1,4,
Inspector of Elections,DEM Inspector of Elections 275 W Goshen S-1,Democratic,Local,1,4,
Inspector of Elections,REP Inspector of Elections 275 W Goshen S-1,Republican,Local,1,4,
Inspector of Elections,DEM Inspector of Elections 280 W Goshen S-2,Democratic,Local,1,4,
Inspector of Elections,REP Inspector of Elections 280 W Goshen S-2,Republican,Local,1,4,
Inspector of Elections,DEM Inspector of Elections 285 W Goshen S-3,Democratic,Local,1,4,
Inspector of Elections,REP Inspector of Elections 285 W Goshen S-3,Republican,Local,1,4,
Inspector of Elections,DEM Inspector of Elections 286 W Goshen S-4,Democratic,Local,1,4,
Inspector of Elections,REP Inspector of Elections 286 W Goshen S-4,Republican,Local,1,4,
Inspector of Elections,DEM Inspector of Elections 290 Highland,Democratic,Local,1,4,
Inspector of Elections,REP Inspector of Elections 290 Highland,Republican,Local,1,4,
Inspector of Elections,DEM Inspector of Elections 295 Honey Brook Borough,Democratic,Local,1,4,
Inspector of Elections,REP Inspector of Elections 295 Honey Brook Borough,Republican,Local,1,4,
Inspector of Elections,DEM Inspector of Elections 300 Honey Brook Township 1,Democratic,Local,1,4,
Inspector of Elections,REP Inspector of Elections 300 Honey Brook Township 1,Republican,Local,1,4,
Inspector of Elections,DEM Inspector of Elections 301 Honey Brook Township 2,Democratic,Local,1,4,
Inspector of Elections,REP Inspector of Elections 301 Honey Brook Township 2,Republican,Local,1,4,
Inspector of Elections,DEM Inspector of Elections 305 Kennett Square N,Democratic,Local,1,4,
Inspector of Elections,REP Inspector of Elections 305 Kennett Square N,Republican,Local,1,4,
Inspector of Elections,DEM Inspector of Elections 310 Kennett Square S-1,Democratic,Local,1,4,
Inspector of Elections,REP Inspector of Elections 310 Kennett Square S-1,Republican,Local,1,4,
Inspector of Elections,DEM Inspector of Elections 315 Kennett Square S-2,Democratic,Local,1,4,
Inspector of Elections,REP Inspector of Elections 315 Kennett Square S-2,Republican,Local,1,4,
Inspector of Elections,DEM Inspector of Elections 320 Kennett Township 1,Democratic,Local,1,4,
Inspector of Elections,REP Inspector of Elections 320 Kennett Township 1,Republican,Local,1,4,
Inspector of Elections,DEM Inspector of Elections 325 Kennett Township 2,Democratic,Local,1,4,
Inspector of Elections,REP Inspector of Elections 325 Kennett Township 2,Republican,Local,1,4,
Inspector of Elections,DEM Inspector of Elections 328 Kennett Township 3,Democratic,Local,1,4,
Inspector of Elections,REP Inspector of Elections 328 Kennett Township 3,Republican,Local,1,4,
Inspector of Elections,DEM Inspector of Elections 329 Kennett Township 4,Democratic,Local,1,4,
Inspector of Elections,REP Inspector of Elections 329 Kennett Township 4,Republican,Local,1,4,
Inspector of Elections,DEM Inspector of Elections 330 London Britain,Democratic,Local,1,4,
Inspector of Elections,REP Inspector of Elections 330 London Britain,Republican,Local,1,4,
"CHESTER COUNTY, PENNSYLVANIA
UNOFFICIAL LIST OF OFFICES
MAY 20, 2025 Municipal Primary",,,,,,
Contest Title,Contest Long Name,Party,District Type,Vote For,Term Number,Notes
Inspector of Elections,DEM Inspector of Elections 335 Londonderry,Democratic,Local,1,4,
Inspector of Elections,REP Inspector of Elections 335 Londonderry,Republican,Local,1,4,
Inspector of Elections,DEM Inspector of Elections 340 London Grove Ch,Democratic,Local,1,4,
Inspector of Elections,REP Inspector of Elections 340 London Grove Ch,Republican,Local,1,4,
Inspector of Elections,DEM Inspector of Elections 345 London Grove S,Democratic,Local,1,4,
Inspector of Elections,REP Inspector of Elections 345 London Grove S,Republican,Local,1,4,
Inspector of Elections,DEM Inspector of Elections 350 Malvern,Democratic,Local,1,4,
Inspector of Elections,REP Inspector of Elections 350 Malvern,Republican,Local,1,4,
Inspector of Elections,DEM Inspector of Elections 355 E Marlborough E,Democratic,Local,1,4,
Inspector of Elections,REP Inspector of Elections 355 E Marlborough E,Republican,Local,1,4,
Inspector of Elections,DEM Inspector of Elections 356 E Marlborough S,Democratic,Local,1,4,
Inspector of Elections,REP Inspector of Elections 356 E Marlborough S,Republican,Local,1,4,
Inspector of Elections,DEM Inspector of Elections 360 E Marlborough W,Democratic,Local,1,4,
Inspector of Elections,REP Inspector of Elections 360 E Marlborough W,Republican,Local,1,4,
Inspector of Elections,DEM Inspector of Elections 365 W Marlborough,Democratic,Local,1,4,
Inspector of Elections,REP Inspector of Elections 365 W Marlborough,Republican,Local,1,4,
Inspector of Elections,DEM Inspector of Elections 370 Modena,Democratic,Local,1,4,
Inspector of Elections,REP Inspector of Elections 370 Modena,Republican,Local,1,4,
Inspector of Elections,DEM Inspector of Elections 375 E Nantmeal,Democratic,Local,1,4,
Inspector of Elections,REP Inspector of Elections 375 E Nantmeal,Republican,Local,1,4,
Inspector of Elections,DEM Inspector of Elections 380 W Nantmeal,Democratic,Local,1,4,
Inspector of Elections,REP Inspector of Elections 380 W Nantmeal,Republican,Local,1,4,
Inspector of Elections,DEM Inspector of Elections 385 New Garden N,Democratic,Local,1,4,
Inspector of Elections,REP Inspector of Elections 385 New Garden N,Republican,Local,1,4,
Inspector of Elections,DEM Inspector of Elections 390 New Garden S-1,Democratic,Local,1,4,
Inspector of Elections,REP Inspector of Elections 390 New Garden S-1,Republican,Local,1,4,
Inspector of Elections,DEM Inspector of Elections 391 New Garden S-2,Democratic,Local,1,4,
Inspector of Elections,REP Inspector of Elections 391 New Garden S-2,Republican,Local,1,4,
Inspector of Elections,DEM Inspector of Elections 395 New London,Democratic,Local,1,4,
Inspector of Elections,REP Inspector of Elections 395 New London,Republican,Local,1,4,
Inspector of Elections,DEM Inspector of Elections 400 Newlin,Democratic,Local,1,4,
Inspector of Elections,REP Inspector of Elections 400 Newlin,Republican,Local,1,4,
Inspector of Elections,DEM Inspector of Elections 405 E Nottingham E,Democratic,Local,1,4,
Inspector of Elections,REP Inspector of Elections 405 E Nottingham E,Republican,Local,1,4,
Inspector of Elections,DEM Inspector of Elections 406 E Nottingham W,Democratic,Local,1,4,
Inspector of Elections,REP Inspector of Elections 406 E Nottingham W,Republican,Local,1,4,
Inspector of Elections,DEM Inspector of Elections 410 W Nottingham,Democratic,Local,1,4,
Inspector of Elections,REP Inspector of Elections 410 W Nottingham,Republican,Local,1,4,
Inspector of Elections,DEM Inspector of Elections 415 Oxford E,Democratic,Local,1,4,
Inspector of Elections,REP Inspector of Elections 415 Oxford E,Republican,Local,1,4,
Inspector of Elections,DEM Inspector of Elections 420 Oxford W,Democratic,Local,1,4,
Inspector of Elections,REP Inspector of Elections 420 Oxford W,Republican,Local,1,4,
Inspector of Elections,DEM Inspector of Elections 425 Lower Oxford E,Democratic,Local,1,4,
Inspector of Elections,REP Inspector of Elections 425 Lower Oxford E,Republican,Local,1,4,
Inspector of Elections,DEM Inspector of Elections 430 Lower Oxford W,Democratic,Local,1,4,
Inspector of Elections,REP Inspector of Elections 430 Lower Oxford W,Republican,Local,1,4,
Inspector of Elections,DEM Inspector of Elections 435 Upper Oxford,Democratic,Local,1,4,
Inspector of Elections,REP Inspector of Elections 435 Upper Oxford,Republican,Local,1,4,
Inspector of Elections,DEM Inspector of Elections 440 Parkesburg N,Democratic,Local,1,4,
Inspector of Elections,REP Inspector of Elections 440 Parkesburg N,Republican,Local,1,4,
Inspector of Elections,DEM Inspector of Elections 445 Parkesburg S,Democratic,Local,1,4,
"CHESTER COUNTY, PENNSYLVANIA
UNOFFICIAL LIST OF OFFICES
MAY 20, 2025 Municipal Primary",,,,,,
Contest Title,Contest Long Name,Party,District Type,Vote For,Term Number,Notes
Inspector of Elections,REP Inspector of Elections 445 Parkesburg S,Republican,Local,1,4,
Inspector of Elections,DEM Inspector of Elections 450 Penn,Democratic,Local,1,4,
Inspector of Elections,REP Inspector of Elections 450 Penn,Republican,Local,1,4,
Inspector of Elections,DEM Inspector of Elections 453 Pennsbury N-1,Democratic,Local,1,4,
Inspector of Elections,REP Inspector of Elections 453 Pennsbury N-1,Republican,Local,1,4,
Inspector of Elections,DEM Inspector of Elections 454 Pennsbury N-2,Democratic,Local,1,4,
Inspector of Elections,REP Inspector of Elections 454 Pennsbury N-2,Republican,Local,1,4,
Inspector of Elections,DEM Inspector of Elections 456 Pennsbury S-1,Democratic,Local,1,4,
Inspector of Elections,REP Inspector of Elections 456 Pennsbury S-1,Republican,Local,1,4,
Inspector of Elections,DEM Inspector of Elections 457 Pennsbury S-2,Democratic,Local,1,4,
Inspector of Elections,REP Inspector of Elections 457 Pennsbury S-2,Republican,Local,1,4,
Inspector of Elections,DEM Inspector of Elections 461 Phoenixville N-1,Democratic,Local,1,4,
Inspector of Elections,REP Inspector of Elections 461 Phoenixville N-1,Republican,Local,1,4,
Inspector of Elections,DEM Inspector of Elections 462 Phoenixville N-2,Democratic,Local,1,4,
Inspector of Elections,REP Inspector of Elections 462 Phoenixville N-2,Republican,Local,1,4,
Inspector of Elections,DEM Inspector of Elections 463 Phoenixville N-3,Democratic,Local,1,4,
Inspector of Elections,REP Inspector of Elections 463 Phoenixville N-3,Republican,Local,1,4,
Inspector of Elections,DEM Inspector of Elections 467 Phoenixville M-1,Democratic,Local,1,4,
Inspector of Elections,REP Inspector of Elections 467 Phoenixville M-1,Republican,Local,1,4,
Inspector of Elections,DEM Inspector of Elections 468 Phoenixville M-2,Democratic,Local,1,4,
Inspector of Elections,REP Inspector of Elections 468 Phoenixville M-2,Republican,Local,1,4,
Inspector of Elections,DEM Inspector of Elections 469 Phoenixville M-3,Democratic,Local,1,4,
Inspector of Elections,REP Inspector of Elections 469 Phoenixville M-3,Republican,Local,1,4,
Inspector of Elections,DEM Inspector of Elections 472 Phoenixville E-1,Democratic,Local,1,4,
Inspector of Elections,REP Inspector of Elections 472 Phoenixville E-1,Republican,Local,1,4,
Inspector of Elections,DEM Inspector of Elections 473 Phoenixville E-2,Democratic,Local,1,4,
Inspector of Elections,REP Inspector of Elections 473 Phoenixville E-2,Republican,Local,1,4,
Inspector of Elections,DEM Inspector of Elections 474 Phoenixville E-3,Democratic,Local,1,4,
Inspector of Elections,REP Inspector of Elections 474 Phoenixville E-3,Republican,Local,1,4,
Inspector of Elections,DEM Inspector of Elections 477 Phoenixville W-1,Democratic,Local,1,4,
Inspector of Elections,REP Inspector of Elections 477 Phoenixville W-1,Republican,Local,1,4,
Inspector of Elections,DEM Inspector of Elections 478 Phoenixville W-2,Democratic,Local,1,4,
Inspector of Elections,REP Inspector of Elections 478 Phoenixville W-2,Republican,Local,1,4,
Inspector of Elections,DEM Inspector of Elections 479 Phoenixville W-3,Democratic,Local,1,4,
Inspector of Elections,REP Inspector of Elections 479 Phoenixville W-3,Republican,Local,1,4,
Inspector of Elections,DEM Inspector of Elections 515 E Pikeland 1,Democratic,Local,1,4,
Inspector of Elections,REP Inspector of Elections 515 E Pikeland 1,Republican,Local,1,4,
Inspector of Elections,DEM Inspector of Elections 520 E Pikeland 2,Democratic,Local,1,4,
Inspector of Elections,REP Inspector of Elections 520 E Pikeland 2,Republican,Local,1,4,
Inspector of Elections,DEM Inspector of Elections 521 E Pikeland 3,Democratic,Local,1,4,
Inspector of Elections,REP Inspector of Elections 521 E Pikeland 3,Republican,Local,1,4,
Inspector of Elections,DEM Inspector of Elections 525 W Pikeland,Democratic,Local,1,4,
Inspector of Elections,REP Inspector of Elections 525 W Pikeland,Republican,Local,1,4,
Inspector of Elections,DEM Inspector of Elections 530 Pocopson,Democratic,Local,1,4,
Inspector of Elections,REP Inspector of Elections 530 Pocopson,Republican,Local,1,4,
Inspector of Elections,DEM Inspector of Elections 535 Sadsbury N,Democratic,Local,1,4,
Inspector of Elections,REP Inspector of Elections 535 Sadsbury N,Republican,Local,1,4,
Inspector of Elections,DEM Inspector of Elections 540 Sadsbury S,Democratic,Local,1,4,
Inspector of Elections,REP Inspector of Elections 540 Sadsbury S,Republican,Local,1,4,
Inspector of Elections,DEM Inspector of Elections 545 W Sadsbury,Democratic,Local,1,4,
Inspector of Elections,REP Inspector of Elections 545 W Sadsbury,Republican,Local,1,4,
"CHESTER COUNTY, PENNSYLVANIA
UNOFFICIAL LIST OF OFFICES
MAY 20, 2025 Municipal Primary",,,,,,
Contest Title,Contest Long Name,Party,District Type,Vote For,Term Number,Notes
Inspector of Elections,DEM Inspector of Elections 550 Schuylkill 1,Democratic,Local,1,4,
Inspector of Elections,REP Inspector of Elections 550 Schuylkill 1,Republican,Local,1,4,
Inspector of Elections,DEM Inspector of Elections 555 Schuylkill 2,Democratic,Local,1,4,
Inspector of Elections,REP Inspector of Elections 555 Schuylkill 2,Republican,Local,1,4,
Inspector of Elections,DEM Inspector of Elections 556 Schuylkill 3,Democratic,Local,1,4,
Inspector of Elections,REP Inspector of Elections 556 Schuylkill 3,Republican,Local,1,4,
Inspector of Elections,DEM Inspector of Elections 558 Schuylkill 4,Democratic,Local,1,4,
Inspector of Elections,REP Inspector of Elections 558 Schuylkill 4,Republican,Local,1,4,
Inspector of Elections,DEM Inspector of Elections 560 Spring City 1,Democratic,Local,1,4,
Inspector of Elections,REP Inspector of Elections 560 Spring City 1,Republican,Local,1,4,
Inspector of Elections,DEM Inspector of Elections 565 Spring City 2,Democratic,Local,1,4,
Inspector of Elections,REP Inspector of Elections 565 Spring City 2,Republican,Local,1,4,
Inspector of Elections,DEM Inspector of Elections 570 Spring City 3,Democratic,Local,1,4,
Inspector of Elections,REP Inspector of Elections 570 Spring City 3,Republican,Local,1,4,
Inspector of Elections,DEM Inspector of Elections 575 Spring City 4,Democratic,Local,1,4,
Inspector of Elections,REP Inspector of Elections 575 Spring City 4,Republican,Local,1,4,
Inspector of Elections,DEM Inspector of Elections 580 Thornbury 1,Democratic,Local,1,4,
Inspector of Elections,REP Inspector of Elections 580 Thornbury 1,Republican,Local,1,4,
Inspector of Elections,DEM Inspector of Elections 581 Thornbury 2,Democratic,Local,1,4,
Inspector of Elections,REP Inspector of Elections 581 Thornbury 2,Republican,Local,1,4,
Inspector of Elections,DEM Inspector of Elections 585 Tredyffrin E-1,Democratic,Local,1,4,
Inspector of Elections,REP Inspector of Elections 585 Tredyffrin E-1,Republican,Local,1,4,
Inspector of Elections,DEM Inspector of Elections 590 Tredyffrin E-2,Democratic,Local,1,4,
Inspector of Elections,REP Inspector of Elections 590 Tredyffrin E-2,Republican,Local,1,4,
Inspector of Elections,DEM Inspector of Elections 595 Tredyffrin E-3,Democratic,Local,1,4,
Inspector of Elections,REP Inspector of Elections 595 Tredyffrin E-3,Republican,Local,1,4,
Inspector of Elections,DEM Inspector of Elections 600 Tredyffrin E-4,Democratic,Local,1,4,
Inspector of Elections,REP Inspector of Elections 600 Tredyffrin E-4,Republican,Local,1,4,
Inspector of Elections,DEM Inspector of Elections 605 Tredyffrin E-5,Democratic,Local,1,4,
Inspector of Elections,REP Inspector of Elections 605 Tredyffrin E-5,Republican,Local,1,4,
Inspector of Elections,DEM Inspector of Elections 614 Tredyffrin M-1,Democratic,Local,1,4,
Inspector of Elections,REP Inspector of Elections 614 Tredyffrin M-1,Republican,Local,1,4,
Inspector of Elections,DEM Inspector of Elections 615 Tredyffrin M-2,Democratic,Local,1,4,
Inspector of Elections,REP Inspector of Elections 615 Tredyffrin M-2,Republican,Local,1,4,
Inspector of Elections,DEM Inspector of Elections 616 Tredyffrin M-3,Democratic,Local,1,4,
Inspector of Elections,REP Inspector of Elections 616 Tredyffrin M-3,Republican,Local,1,4,
Inspector of Elections,DEM Inspector of Elections 617 Tredyffrin M-4,Democratic,Local,1,4,
Inspector of Elections,REP Inspector of Elections 617 Tredyffrin M-4,Republican,Local,1,4,
Inspector of Elections,DEM Inspector of Elections 618 Tredyffrin M-5,Democratic,Local,1,4,
Inspector of Elections,REP Inspector of Elections 618 Tredyffrin M-5,Republican,Local,1,4,
Inspector of Elections,DEM Inspector of Elections 619 Tredyffrin M-6,Democratic,Local,1,4,
Inspector of Elections,REP Inspector of Elections 619 Tredyffrin M-6,Republican,Local,1,4,
Inspector of Elections,DEM Inspector of Elections 620 Tredyffrin M-7,Democratic,Local,1,4,
Inspector of Elections,REP Inspector of Elections 620 Tredyffrin M-7,Republican,Local,1,4,
Inspector of Elections,DEM Inspector of Elections 630 Tredyffrin W-1,Democratic,Local,1,4,
Inspector of Elections,REP Inspector of Elections 630 Tredyffrin W-1,Republican,Local,1,4,
Inspector of Elections,DEM Inspector of Elections 635 Tredyffrin W-2,Democratic,Local,1,4,
Inspector of Elections,REP Inspector of Elections 635 Tredyffrin W-2,Republican,Local,1,4,
Inspector of Elections,DEM Inspector of Elections 640 Tredyffrin W-3,Democratic,Local,1,4,
Inspector of Elections,REP Inspector of Elections 640 Tredyffrin W-3,Republican,Local,1,4,
Inspector of Elections,DEM Inspector of Elections 645 Tredyffrin W-4,Democratic,Local,1,4,
"CHESTER COUNTY, PENNSYLVANIA
UNOFFICIAL LIST OF OFFICES
MAY 20, 2025 Municipal Primary",,,,,,
Contest Title,Contest Long Name,Party,District Type,Vote For,Term Number,Notes
Inspector of Elections,REP Inspector of Elections 645 Tredyffrin W-4,Republican,Local,1,4,
Inspector of Elections,DEM Inspector of Elections 647 Tredyffrin W-5,Democratic,Local,1,4,
Inspector of Elections,REP Inspector of Elections 647 Tredyffrin W-5,Republican,Local,1,4,
Inspector of Elections,DEM Inspector of Elections 653 Uwchlan 1,Democratic,Local,1,4,
Inspector of Elections,REP Inspector of Elections 653 Uwchlan 1,Republican,Local,1,4,
Inspector of Elections,DEM Inspector of Elections 654 Uwchlan 2,Democratic,Local,1,4,
Inspector of Elections,REP Inspector of Elections 654 Uwchlan 2,Republican,Local,1,4,
Inspector of Elections,DEM Inspector of Elections 655 Uwchlan 3,Democratic,Local,1,4,
Inspector of Elections,REP Inspector of Elections 655 Uwchlan 3,Republican,Local,1,4,
Inspector of Elections,DEM Inspector of Elections 656 Uwchlan 4,Democratic,Local,1,4,
Inspector of Elections,REP Inspector of Elections 656 Uwchlan 4,Republican,Local,1,4,
Inspector of Elections,DEM Inspector of Elections 657 Uwchlan 5,Democratic,Local,1,4,
Inspector of Elections,REP Inspector of Elections 657 Uwchlan 5,Republican,Local,1,4,
Inspector of Elections,DEM Inspector of Elections 658 Uwchlan 6,Democratic,Local,1,4,
Inspector of Elections,REP Inspector of Elections 658 Uwchlan 6,Republican,Local,1,4,
Inspector of Elections,DEM Inspector of Elections 659 Uwchlan 7,Democratic,Local,1,4,
Inspector of Elections,REP Inspector of Elections 659 Uwchlan 7,Republican,Local,1,4,
Inspector of Elections,DEM Inspector of Elections 660 Uwchlan 8,Democratic,Local,1,4,
Inspector of Elections,REP Inspector of Elections 660 Uwchlan 8,Republican,Local,1,4,
Inspector of Elections,DEM Inspector of Elections 661 Uwchlan 9,Democratic,Local,1,4,
Inspector of Elections,REP Inspector of Elections 661 Uwchlan 9,Republican,Local,1,4,
Inspector of Elections,DEM Inspector of Elections 665 Upper Uwchlan 1,Democratic,Local,1,4,
Inspector of Elections,REP Inspector of Elections 665 Upper Uwchlan 1,Republican,Local,1,4,
Inspector of Elections,DEM Inspector of Elections 666 Upper Uwchlan 2,Democratic,Local,1,4,
Inspector of Elections,REP Inspector of Elections 666 Upper Uwchlan 2,Republican,Local,1,4,
Inspector of Elections,DEM Inspector of Elections 667 Upper Uwchlan 3,Democratic,Local,1,4,
Inspector of Elections,REP Inspector of Elections 667 Upper Uwchlan 3,Republican,Local,1,4,
Inspector of Elections,DEM Inspector of Elections 670 Valley N-1,Democratic,Local,1,4,
Inspector of Elections,REP Inspector of Elections 670 Valley N-1,Republican,Local,1,4,
Inspector of Elections,DEM Inspector of Elections 671 Valley N-2,Democratic,Local,1,4,
Inspector of Elections,REP Inspector of Elections 671 Valley N-2,Republican,Local,1,4,
Inspector of Elections,DEM Inspector of Elections 672 Valley N-3,Democratic,Local,1,4,
Inspector of Elections,REP Inspector of Elections 672 Valley N-3,Republican,Local,1,4,
Inspector of Elections,DEM Inspector of Elections 675 Valley S,Democratic,Local,1,4,
Inspector of Elections,REP Inspector of Elections 675 Valley S,Republican,Local,1,4,
Inspector of Elections,DEM Inspector of Elections 680 E Vincent 1,Democratic,Local,1,4,
Inspector of Elections,REP Inspector of Elections 680 E Vincent 1,Republican,Local,1,4,
Inspector of Elections,DEM Inspector of Elections 681 E Vincent 2,Democratic,Local,1,4,
Inspector of Elections,REP Inspector of Elections 681 E Vincent 2,Republican,Local,1,4,
Inspector of Elections,DEM Inspector of Elections 682 E Vincent 3,Democratic,Local,1,4,
Inspector of Elections,REP Inspector of Elections 682 E Vincent 3,Republican,Local,1,4,
Inspector of Elections,DEM Inspector of Elections 683 E Vincent 4,Democratic,Local,1,4,
Inspector of Elections,REP Inspector of Elections 683 E Vincent 4,Republican,Local,1,4,
Inspector of Elections,DEM Inspector of Elections 690 W Vincent 1,Democratic,Local,1,4,
Inspector of Elections,REP Inspector of Elections 690 W Vincent 1,Republican,Local,1,4,
Inspector of Elections,DEM Inspector of Elections 693 W Vincent 2,Democratic,Local,1,4,
Inspector of Elections,REP Inspector of Elections 693 W Vincent 2,Republican,Local,1,4,
Inspector of Elections,DEM Inspector of Elections 695 Wallace,Democratic,Local,1,4,
Inspector of Elections,REP Inspector of Elections 695 Wallace,Republican,Local,1,4,
Inspector of Elections,DEM Inspector of Elections 700 Warwick E,Democratic,Local,1,4,
Inspector of Elections,REP Inspector of Elections 700 Warwick E,Republican,Local,1,4,
"CHESTER COUNTY, PENNSYLVANIA
UNOFFICIAL LIST OF OFFICES
MAY 20, 2025 Municipal Primary",,,,,,
Contest Title,Contest Long Name,Party,District Type,Vote For,Term Number,Notes
Inspector of Elections,DEM Inspector of Elections 705 Warwick W,Democratic,Local,1,4,
Inspector of Elections,REP Inspector of Elections 705 Warwick W,Republican,Local,1,4,
Inspector of Elections,DEM Inspector of Elections 710 West Grove 1,Democratic,Local,1,4,
Inspector of Elections,REP Inspector of Elections 710 West Grove 1,Republican,Local,1,4,
Inspector of Elections,DEM Inspector of Elections 715 West Grove 2,Democratic,Local,1,4,
Inspector of Elections,REP Inspector of Elections 715 West Grove 2,Republican,Local,1,4,
Inspector of Elections,DEM Inspector of Elections 720 Westtown 1,Democratic,Local,1,4,
Inspector of Elections,REP Inspector of Elections 720 Westtown 1,Republican,Local,1,4,
Inspector of Elections,DEM Inspector of Elections 725 Westtown 2,Democratic,Local,1,4,
Inspector of Elections,REP Inspector of Elections 725 Westtown 2,Republican,Local,1,4,
Inspector of Elections,DEM Inspector of Elections 730 Westtown 3,Democratic,Local,1,4,
Inspector of Elections,REP Inspector of Elections 730 Westtown 3,Republican,Local,1,4,
Inspector of Elections,DEM Inspector of Elections 733 Westtown 4,Democratic,Local,1,4,
Inspector of Elections,REP Inspector of Elections 733 Westtown 4,Republican,Local,1,4,
Inspector of Elections,DEM Inspector of Elections 734 Westtown 5,Democratic,Local,1,4,
Inspector of Elections,REP Inspector of Elections 734 Westtown 5,Republican,Local,1,4,
Inspector of Elections,DEM Inspector of Elections 735 E Whiteland 1,Democratic,Local,1,4,
Inspector of Elections,REP Inspector of Elections 735 E Whiteland 1,Republican,Local,1,4,
Inspector of Elections,DEM Inspector of Elections 740 E Whiteland 2,Democratic,Local,1,4,
Inspector of Elections,REP Inspector of Elections 740 E Whiteland 2,Republican,Local,1,4,
Inspector of Elections,DEM Inspector of Elections 745 E Whiteland 3,Democratic,Local,1,4,
Inspector of Elections,REP Inspector of Elections 745 E Whiteland 3,Republican,Local,1,4,
Inspector of Elections,DEM Inspector of Elections 750 E Whiteland 4,Democratic,Local,1,4,
Inspector of Elections,REP Inspector of Elections 750 E Whiteland 4,Republican,Local,1,4,
Inspector of Elections,DEM Inspector of Elections 752 E Whiteland 5,Democratic,Local,1,4,
Inspector of Elections,REP Inspector of Elections 752 E Whiteland 5,Republican,Local,1,4,
Inspector of Elections,DEM Inspector of Elections 754 E Whiteland 6,Democratic,Local,1,4,
Inspector of Elections,REP Inspector of Elections 754 E Whiteland 6,Republican,Local,1,4,
Inspector of Elections,DEM Inspector of Elections 759 W Whiteland 1,Democratic,Local,1,4,
Inspector of Elections,REP Inspector of Elections 759 W Whiteland 1,Republican,Local,1,4,
Inspector of Elections,DEM Inspector of Elections 760 W Whiteland 2,Democratic,Local,1,4,
Inspector of Elections,REP Inspector of Elections 760 W Whiteland 2,Republican,Local,1,4,
Inspector of Elections,DEM Inspector of Elections 761 W Whiteland 3,Democratic,Local,1,4,
Inspector of Elections,REP Inspector of Elections 761 W Whiteland 3,Republican,Local,1,4,
Inspector of Elections,DEM Inspector of Elections 762 W Whiteland 4,Democratic,Local,1,4,
Inspector of Elections,REP Inspector of Elections 762 W Whiteland 4,Republican,Local,1,4,
Inspector of Elections,DEM Inspector of Elections 763 W Whiteland 5,Democratic,Local,1,4,
Inspector of Elections,REP Inspector of Elections 763 W Whiteland 5,Republican,Local,1,4,
Inspector of Elections,DEM Inspector of Elections 764 W Whiteland 6,Democratic,Local,1,4,
Inspector of Elections,REP Inspector of Elections 764 W Whiteland 6,Republican,Local,1,4,
Inspector of Elections,DEM Inspector of Elections 765 W Whiteland 7,Democratic,Local,1,4,
Inspector of Elections,REP Inspector of Elections 765 W Whiteland 7,Republican,Local,1,4,
Inspector of Elections,DEM Inspector of Elections 770 Willistown N-1,Democratic,Local,1,4,
Inspector of Elections,REP Inspector of Elections 770 Willistown N-1,Republican,Local,1,4,
Inspector of Elections,DEM Inspector of Elections 775 Willistown N-2,Democratic,Local,1,4,
Inspector of Elections,REP Inspector of Elections 775 Willistown N-2,Republican,Local,1,4,
Inspector of Elections,DEM Inspector of Elections 780 Willistown N-3,Democratic,Local,1,4,
Inspector of Elections,REP Inspector of Elections 780 Willistown N-3,Republican,Local,1,4,
Inspector of Elections,DEM Inspector of Elections 785 Willistown N-4,Democratic,Local,1,4,
Inspector of Elections,REP Inspector of Elections 785 Willistown N-4,Republican,Local,1,4,
Inspector of Elections,DEM Inspector of Elections 790 Willistown N-5,Democratic,Local,1,4,
"CHESTER COUNTY, PENNSYLVANIA
UNOFFICIAL LIST OF OFFICES
MAY 20, 2025 Municipal Primary",,,,,,
Contest Title,Contest Long Name,Party,District Type,Vote For,Term Number,Notes
Inspector of Elections,REP Inspector of Elections 790 Willistown N-5,Republican,Local,1,4,
Inspector of Elections,DEM Inspector of Elections 795 Willistown N-6,Democratic,Local,1,4,
Inspector of Elections,REP Inspector of Elections 795 Willistown N-6,Republican,Local,1,4,
Inspector of Elections,DEM Inspector of Elections 800 Willistown S-1,Democratic,Local,1,4,
Inspector of Elections,REP Inspector of Elections 800 Willistown S-1,Republican,Local,1,4,
Inspector of Elections,DEM Inspector of Elections 805 Willistown S-2,Democratic,Local,1,4,
Inspector of Elections,REP Inspector of Elections 805 Willistown S-2,Republican,Local,1,4,
Inspector of Elections,DEM Inspector of Elections 806 Willistown S-3,Democratic,Local,1,4,
Inspector of Elections,REP Inspector of Elections 806 Willistown S-3,Republican,Local,1,4,
Inspector of Elections,DEM Inspector of Elections 810 West Chester 1,Democratic,Local,1,4,
Inspector of Elections,REP Inspector of Elections 810 West Chester 1,Republican,Local,1,4,
Inspector of Elections,DEM Inspector of Elections 820 West Chester 2-E,Democratic,Local,1,4,
Inspector of Elections,REP Inspector of Elections 820 West Chester 2-E,Republican,Local,1,4,
Inspector of Elections,DEM Inspector of Elections 825 West Chester 2-W,Democratic,Local,1,4,
Inspector of Elections,REP Inspector of Elections 825 West Chester 2-W,Republican,Local,1,4,
Inspector of Elections,DEM Inspector of Elections 835 West Chester 3,Democratic,Local,1,4,
Inspector of Elections,REP Inspector of Elections 835 West Chester 3,Republican,Local,1,4,
Inspector of Elections,DEM Inspector of Elections 842 West Chester 4,Democratic,Local,1,4,
Inspector of Elections,REP Inspector of Elections 842 West Chester 4,Republican,Local,1,4,
Inspector of Elections,DEM Inspector of Elections 846 West Chester 5,Democratic,Local,1,4,
Inspector of Elections,REP Inspector of Elections 846 West Chester 5,Republican,Local,1,4,
Inspector of Elections,DEM Inspector of Elections 850 West Chester 6,Democratic,Local,1,4,
Inspector of Elections,REP Inspector of Elections 850 West Chester 6,Republican,Local,1,4,
Inspector of Elections,DEM Inspector of Elections 860 West Chester 7,Democratic,Local,1,4,
Inspector of Elections,REP Inspector of Elections 860 West Chester 7,Republican,Local,1,4,